subgenre,main_genre
classical,Classical
folk,Folk
blues,Blues
jazz,Jazz
country,Country
r&b,R&B
rock,Rock
pop,Pop
hip hop,Hip-Hop
electronic,Electronic
folk/acoustic,Folk
metal,Rock
traditional-music,Folk
reggae,Folk
easy-listening,Pop
southern-metal,Rock
post-grunge,Rock
nu-metal,Rock
industrial-metal,Rock
alternative-metal,Rock
groove-metal,Rock
sad-rap,Hip-Hop
indie-rock,Rock
alternative-rock,Rock
icelandic-pop,Pop
spanish-punk,Rock
rock-urbano,Rock
skate-punk,Rock
punk,Rock
pop-punk,Pop
orgcore,Rock
minneapolis-punk,Rock
melodic-hardcore,Rock
hardcore-punk,Rock
french-hip-hop,Hip-Hop
psychedelic-rock,Rock
psychedelic-pop,Pop
proto-punk,Rock
baroque-pop,Classical
acid-rock,Rock
ska-punk,Folk
ska,Folk
trancecore,Electronic
post-hardcore,Rock
noise-rock,Rock
mathcore,Rock
math-rock,Rock
french-rap,Hip-Hop
metalcore,Rock
finnish-metalcore,Rock
finnish-metal,Rock
musicals,Classical
broadway,Pop
samba-enredo,Unknown
samba,Unknown
show-tunes,Pop
hollywood,Pop
rock-and-roll,Rock
merseybeat,Pop
doo-wop,Pop
bubblegum-pop,Pop
bubblegum,Unknown
vocal-jazz,Jazz
french-jazz,Jazz
contemporary-vocal-jazz,Jazz
audiophile-vocal,Pop
j-rock,Rock
j-pop,Pop
anime-rock,Rock
anime,Pop
neo-soul,R&B
chicago-rap,Hip-Hop
alternative-r&b,Pop
opera,Classical
orchestral,Classical
orchestra,Classical
british-orchestra,Classical
operatic-pop,Classical
classical-tenor,Classical
post-romantic-era,Classical
italian-romanticism,Classical
italian-opera,Classical
italian-tenor,Classical
piedmont-blues,Blues
jam-band,Rock
country-rock,Country
country-blues,Blues
singer-songwriter,Folk
hard-rock,Rock
classic-rock,Rock
album-rock,Rock
blues-rock,Blues
soul,Blues
movie-tunes,Classical
musical-theater,Unknown
rhythm-and-blues,R&B
nyc-rap,Hip-Hop
dembow,Hip-Hop
tijuana-electronic,Electronic
mexican-rock,Rock
mexican-indie,Rock
latin-alternative,Unknown
electrocumbia,Unknown
texas-country,Country
modern-country-pop,Country
irish-singer-songwriter,Folk
derry-indie,Rock
trap,Hip-Hop
southern-hip-hop,Hip-Hop
mississippi-hip-hop,Hip-Hop
conscious-hip-hop,Hip-Hop
new-weird-america,Folk
melancholia,Classical
lo-fi,Electronic
indie-folk,Folk
folk-punk,Folk
chamber-pop,Pop
anti-folk,Folk
folk-rock,Folk
japanese-post-hardcore,Rock
swedish-emo,Rock
skramz,Rock
screamo,Rock
midwest-emo,Rock
emocore,Rock
emo,Rock
post-rock,Rock
preschool-children's-music,Unknown
nursery,Unknown
children's-music,Folk
cartoon,Pop
sunshine-pop,Pop
mellow-gold,Rock
surf,Rock
psychedelia,Rock
schlagerparty,Pop
schlager,Pop
neue-deutsche-welle,Pop
classic-schlager,Pop
austropop,Pop
chanson,Folk
soft-rock,Rock
classical-performance,Classical
historically-informed-performance,Classical
classical-organ,Classical
german-baroque,Classical
early-music,Classical
classical-piano,Classical
baroque,Classical
baroque-ensemble,Classical
punk-rock,Rock
video-game-music,Classical
soundtrack,Classical
sound-team,Unknown
japanese-vgm,Electronic
new-americana,Country
stomp-and-holler,Folk
seattle-indie,Rock
austindie,Rock
austin-americana,Country
french-romanticism,Classical
french-opera,Classical
classical-soprano,Classical
requiem,Classical
classical-era,Classical
chamber-music,Classical
canzone-napoletana,Unknown
symphonic-rock,Rock
southern-rock,Rock
modern-blues-rock,Blues
modern-blues,Blues
electric-blues,Blues
gospel,Unknown
queercore,Rock
acoustic-punk,Folk
palestinian-pop,Pop
palestinian-hip-hop,Hip-Hop
middle-east-hip-hop,Hip-Hop
arabic-rap,Hip-Hop
arabic-hip-hop,Hip-Hop
rap,Hip-Hop
old-school-hip-hop,Hip-Hop
ohio-hip-hop,Hip-Hop
gangster-rap,Hip-Hop
g-funk,Hip-Hop
spanish-pop-rock,Pop
spanish-pop,Pop
rock-en-espanol,Rock
latin-pop,Pop
cantautor,Unknown
synth-pop,Pop
new-wave,Pop
pop-rock,Pop
visual-kei,Rock
japanese-metalcore,Rock
j-metal,Rock
noise-pop,Pop
experimental-rock,Rock
experimental-pop,Pop
experimental-indie-rock,Rock
bay-area-indie,Rock
art-rock,Rock
grunge,Rock
scorecore,Classical
orchestral-soundtrack,Classical
middle-earth,Unknown
canadian-soundtrack,Classical
canadian-classical,Classical
film-score,Unknown
oshare-kei,Rock
melodic-metalcore,Rock
hardcore,Electronic
deathcore,Rock
christian-hardcore,Rock
pink-noise,Electronic
hyperpop,Electronic
crunk,Hip-Hop
no-wave,Rock
neo-psychedelic,Rock
krautrock,Electronic
indietronica,Electronic
experimental,Electronic
avant-pop,Unknown
indie-electronic,Electronic
indie-pop,Pop
west-end,Pop
vintage-french-electronic,Electronic
post-disco,Pop
italo-disco,Electronic
italo-dance,Electronic
hi-nrg,Electronic
electroclash,Electronic
dark-disco,Electronic
disco,Pop
okinawan-pop,Pop
j-poprock,Pop
permanent-wave,Rock
glam-rock,Rock
liquid-funk,Electronic
jungle,Electronic
drumstep,Electronic
drum-and-bass,Electronic
deep-dnb,Electronic
stoner-rock,Rock
modern-rock,Rock
garage-rock,Rock
australian-psych,Rock
neo-psychedelia,Unknown
long-island-punk,Rock
chicago-punk,Rock
neon-pop-punk,Pop
emo-pop,Pop
piano-rock,Rock
neo-mellow,Pop
christian-rock,Rock
torch-song,Jazz
christmas,Pop
traditional-pop,Unknown
western-swing,Country
americana,Country
comedy,Pop
ragtime,Jazz
ska-mexicano,Rock
mexican-ska,Rock
latin-rock,Rock
opera-chorus,Classical
late-romantic-era,Classical
slacker-rock,Rock
underground-hip-hop,Hip-Hop
florida-rap,Hip-Hop
cloud-rap,Hip-Hop
orchestral-performance,Classical
chamber-orchestra,Classical
italian-bass,Classical
spanish-new-wave,Pop
spanish-indie-pop,Pop
rock-alternativo-espanol,Rock
dark-cabaret,Rock
traditional-blues,Blues
harlem-renaissance,Blues
classic-blues,Blues
classic-female-blues,Blues
classical-bass,Classical
bedroom-pop,Pop
german-romanticism,Classical
german-opera,Classical
early-romantic-era,Classical
abstract-hip-hop,Hip-Hop
new-wave-pop,Pop
lilith,Rock
ectofolk,Folk
dark-pop,Pop
art-pop,Pop
big-band,Jazz
adult-standards,Unknown
gujarati-pop,Pop
gujarati-garba,Unknown
bhajan,Unknown
bollywood,Pop
hindustani-classical,Classical
school-choir,Unknown
children's-choir,Classical
italian-orchestra,Classical
zarzuela,Classical
spanish-classical,Classical
operetta,Classical
italian-mezzo-soprano,Classical
classical-mezzo-soprano,Classical
tango-cancion,Unknown
tango,Unknown
candombe,Unknown
bolero,Unknown
country-road,Country
contemporary-country,Country
classic-country,Country
christian-country,Country
political-hip-hop,Hip-Hop
hardcore-hip-hop,Hip-Hop
golden-age-hip-hop,Hip-Hop
east-coast-hip-hop,Hip-Hop
bronx-hip-hop,Hip-Hop
conscious-rap,Hip-Hop
traditional-forró,Unknown
nova-musica-pernambucana,Folk
mpb,Unknown
manguebeat,Electronic
forro-tradicional,Unknown
forró,Unknown
brazilian-rock,Rock
frevo,Unknown
worldbeat,Unknown
baião,Unknown
industrial-rock,Rock
industrial,Rock
gothic-rock,Rock
shock-rock,Unknown
ostrock,Rock
german-rock,Rock
german-pop,Pop
alternative-roots-rock,Folk
theme,Unknown
acoustic-pop,Folk
roots-reggae,Folk
ragga,Hip-Hop
old-school-dancehall,Folk
dub,Electronic
dancehall,Folk
adult-alternative,Unknown
indie,Pop
mexican-hip-hop,Hip-Hop
latin-hip-hop,Hip-Hop
latin-r&b,R&B
victoria-bc-indie,Rock
canadian-indie-rock,Rock
outlaw-country,Country
arkansas-country,Country
rockabilly,Rock
quiet-storm,R&B
northern-soul,R&B
motown,Pop
classic-soul,R&B
russian-romance,Unknown
christian-metal,Rock
american-metalcore,Rock
slowcore,Rock
nyhc,Rock
crossover-thrash,Rock
tough-guy-hardcore,Unknown
worship,Unknown
praise,R&B
urban-contemporary-gospel,Unknown
traditional-black-gospel,Unknown
austrian-orchestra,Classical
latin-classical,Classical
turntablism,Electronic
trip-hop,Electronic
scratch,Hip-Hop
montreal-indie,Pop
electronica,Electronic
experimental-hip-hop,Hip-Hop
power-pop,Pop
ohio-indie,Rock
modern-power-pop,Pop
lo-fi-indie,Electronic
gbvfi,Rock
thrash-metal,Rock
sea-shanties,Unknown
pirate-metal,Rock
pirate,Folk
folk-metal,Folk
swancore,Rock
progressive-post-hardcore,Rock
stoner-metal,Rock
palm-desert-scene,Rock
desert-rock,Unknown
teen-pop,Pop
post-teen-pop,Pop
j-pop-girl-group,Pop
j-idol,Pop
idol-rock,Pop
denpa-kei,Electronic
uk-metalcore,Rock
irish-indie,Rock
neo-metal,Rock
french-rock,Rock
french-metal,Rock
new-jersey-indie,Pop
dreamo,Rock
anthem-emo,Rock
alternative-emo,Rock
pagode,Unknown
portuguese-rock,Rock
indorock,Rock
indonesian-rock,Rock
indonesian-reggae,Folk
indonesian-pop-rock,Pop
indonesian-pop,Pop
indonesian-blues,Blues
indonesian-alternative-rock,Rock
classic-indonesian-rock,Rock
glam-metal,Rock
nerdcore,Hip-Hop
argentine-rock,Rock
electronic-rock,Electronic
deep-house,Electronic
midwestern-hip-hop,Hip-Hop
rage-rap,Hip-Hop
pluggnb,Hip-Hop
plugg,Hip-Hop
singaporean-singer-songwriter,Folk
singaporean-pop,Pop
chinese-r&b,R&B
c-pop,Pop
electropop,Electronic
arena-rock,Rock
urban-contemporary,Hip-Hop
hip-pop,Hip-Hop
dance-pop,Electronic
atl-hip-hop,Hip-Hop
dance,Electronic
smooth-r&b,R&B
new-jack-swing,R&B
contemporary-r&b,R&B
neo-synthpop,Electronic
freak-folk,Folk
dream-pop,Pop
dance-punk,Electronic
chillwave,Electronic
st-louis-rap,Hip-Hop
pop-rap,Hip-Hop
country-rap,Country
comedy-rap,Hip-Hop
riot-grrrl,Rock
olympia-wa-indie,Rock
southern-gothic,Unknown
gothic-country,Country
gothic-americana,Country
alt-country,Country
albuquerque-indie,Rock
dance-rock,Electronic
downtempo,Electronic
modern-alternative-rock,Rock
miami-hip-hop,Hip-Hop
dirty-south-rap,Hip-Hop
space-rock,Rock
shoegaze,Rock
psychedelic-hip-hop,Hip-Hop
alternative-hip-hop,Hip-Hop
power-pop-punk,Pop
funk-rock,R&B
comic-metal,Rock
comic,Pop
comedy-rock,Rock
funk-metal,Rock
trap-metal,Hip-Hop
punk-rap,Hip-Hop
new-orleans-rap,Hip-Hop
horrorcore,Hip-Hop
emo-rap,Hip-Hop
dark-trap,Electronic
new-orleans-bounce,Hip-Hop
bounce,Hip-Hop
underground-power-pop,Pop
jangle-pop,Pop
swedish-pop,Pop
swedish-indie-rock,Rock
swedish-ballads,Folk
gothenburg-indie,Pop
classic-swedish-pop,Pop
nu-metalcore,Rock
djent,Rock
australian-post-hardcore,Rock
dark-ambient,Electronic
stomp-pop,Pop
minneapolis-indie,Rock
denver-indie,Rock
maine-indie,Rock
portland-indie,Rock
grand-rapids-indie,Pop
virginia-hip-hop,Hip-Hop
viral-trap,Hip-Hop
pop punk,Pop
alternative-dance,Electronic
vocaloid,Electronic
speedcore,Electronic
rhythm-game,Electronic
j-dance,Electronic
red-dirt,Country
classic-texas-country,Country
deep-acoustic-pop,Folk
taiwanese-pop,Pop
taiwanese-indie,Rock
taiwan-singer-songwriter,Folk
taiwan-pop,Pop
chinese-indie,Rock
symphonic-metal,Rock
power-metal,Rock
melodic-metal,Rock
italian-gothic-metal,Rock
gothic-metal,Rock
fallen-angel,Unknown
jam-rock,Rock
uk-experimental-electronic,Electronic
intelligent-dance-music,Electronic
idm,Electronic
braindance,Electronic
ambient,Electronic
techno,Electronic
acid,Electronic
drill-'n'-bass,Electronic
acoustic-rock,Folk
jazz-rock,Jazz
roots-rock,Rock
psychobilly,Rock
honky-tonk,Country
cowpunk,Country
heavy-metal,Rock
japanese-math-rock,Rock
japanese-indie,Pop
japanese-emo,Rock
la-pop,Pop
indie-soul,R&B
experimental-r&b,R&B
afrofuturism,Electronic
electro,Electronic
swedish-singer-songwriter,Folk
swedish-indie-pop,Pop
swedish-indie-folk,Folk
athens-indie,Rock
college-rock,Rock
post-punk,Rock
progressive-rock,Rock
progressive-metal,Rock
prog-metal,Rock
polish-prog,Rock
pov:-indie,Rock
rap-conscient,Hip-Hop
pop-urbaine,Hip-Hop
french-r&b,R&B
french-pop,Pop
vincy-soca,Unknown
soca,Unknown
calypso,Unknown
trap-queen,Hip-Hop
lgbtq+-hip-hop,Hip-Hop
hyphy,Hip-Hop
uk-r&b,R&B
uk-contemporary-r&b,R&B
sertanejo-universitario,Country
sertanejo-pop,Pop
sertanejo,Country
piseiro,Unknown
arrocha,Unknown
agronejo,Country
sped-up,Electronic
glitchcore,Electronic
variété-française,Pop
uptempo-hardcore,Rock
rawstyle,Electronic
hardstyle,Electronic
gabber,Electronic
frenchcore,Electronic
azonto,Hip-Hop
afroswing,Hip-Hop
afrobeats,R&B
afrobeat,R&B
k-pop-girl-group,Pop
k-pop,Pop
rap-dominicano,Hip-Hop
techengue,Electronic
latin-house,Electronic
dembow-dominicano,Hip-Hop
hardcore-techno,Electronic
tekk,Electronic
mizrahi,Unknown
israeli-trap,Hip-Hop
israeli-hip-hop,Hip-Hop
nz-reggae,Folk
mexican-pop,Pop
latin-arena-pop,Pop
flamenco,Folk
industrial-hip-hop,Hip-Hop
k-ballad,Pop
rhythm-&-blues,R&B
omaha-indie,Rock
urbano-espanol,Unknown
spanish-hip-hop,Hip-Hop
neoperreo,Electronic
emo-trap-en-espanol,Hip-Hop
drill-espanol,Hip-Hop
urbano-latino,Unknown
trap-triste,Hip-Hop
trap-latino,Hip-Hop
argentine-trap,Hip-Hop
reggaeton-colombiano,Unknown
champeta,Unknown
kindie-rock,Rock
children's,Unknown
alternative,Unknown
happy-hardcore,Electronic
euphoric-hardstyle,Electronic
classic-hardstyle,Electronic
josei-rap,Hip-Hop
j-rap,Hip-Hop
zhenskiy-rep,Hip-Hop
russian-trap,Electronic
russian-electronic,Electronic
russian-alt-pop,Pop
tejano,Unknown
norteno,Unknown
música-mexicana,Unknown
grupera,Unknown
norteño,Unknown
rap-calme,Hip-Hop
cloud-rap-francais,Hip-Hop
soundcloud-rap,Hip-Hop
mexican-pop-punk,Rock
world-worship,Unknown
pop-worship,Pop
christian-music,Unknown
christian,Unknown
cedm,Electronic
contemporary-worship,Unknown
contemporary-christian,Unknown
rap-francais,Hip-Hop
r&b-francais,R&B
christian-pop,Pop
christian-dance,Electronic
christian-alternative-rock,Rock
ccm,Unknown
viral-pop,Pop
diy,Unknown
variete-francaise,Pop
french-indie-pop,Pop
vapor-trap,Electronic
indie-pop-rap,Hip-Hop
deep-underground-hip-hop,Hip-Hop
canadian-hip-hop,Hip-Hop
alberta-hip-hop,Hip-Hop
dubstep,Electronic
riddim,Electronic
electro-house,Electronic
edm,Electronic
classic-dubstep,Electronic
brostep,Electronic
big-room-house,Unknown
death-metal,Rock
cantautora-mexicana,Unknown
reggaeton-flow,Unknown
reggaeton,Unknown
straight-edge,Rock
ballroom-vogue,Electronic
latin-indie,Rock
canadian-country,Country
canadian-contemporary-country,Country
alberta-country,Country
acoustic-country,Country
rap-politico,Hip-Hop
boom-bap-espanol,Hip-Hop
future-bass,Electronic
christian-hip-hop,Hip-Hop
christian-trap,Hip-Hop
gospel-rap,Hip-Hop
gospel-r&b,R&B
chinese-hip-hop,Hip-Hop
spoken-word,Unknown
italian-pop,Pop
german-ska,Folk
german-indie-pop,Pop
german-indie,Rock
reggae-fusion,Folk
reggae-rock,Folk
hungarian-hip-hop,Hip-Hop
russian-reggae,Folk
russian-hip-hop,Hip-Hop
retro-soul,R&B
nu-disco,Electronic
kavkaz,Folk
russian-gangster-rap,Hip-Hop
portuguese-hip-hop,Hip-Hop
trap-tuga,Hip-Hop
portuguese-pop,Pop
hip-hop-tuga,Hip-Hop
german-hip-hop,Hip-Hop
gangsta-rap,Hip-Hop
queens-hip-hop,Hip-Hop
progressive-rap,Hip-Hop
funk-paulista,R&B
funk-carioca,Hip-Hop
funk,R&B
brazilian-funk,Hip-Hop
funk-ostentacao,R&B
brega-funk,Pop
brega,Pop
slow-game,Electronic
pop-r&b,Pop
dark-plugg,Hip-Hop
k-pop-boy-group,Pop
minnesota-hip-hop,Hip-Hop
post-post-hardcore,Rock
christian-r&b,R&B
french-house,Electronic
black-comedy,Pop
musical-comedy,Unknown
satire,Unknown
comedy-hip-hop,Hip-Hop
emoplugg,Hip-Hop
indonesian-idol-pop,Pop
indonesian-pop-punk,Pop
indonesian-indie,Rock
japanese-r&b,R&B
japanese-electropop,Electronic
j-r&b,Pop
city-pop,Pop
house,Electronic
bass-house,Electronic
slayer,Rock
volkspop,Pop
graz-indie,Pop
nottingham-hip-hop,Hip-Hop
jersey-club,Electronic
bedroom-r&b,R&B
korean-pop,Pop
korean-electropop,Electronic
k-rock,Rock
k-indie,Pop
classic-k-pop,Pop
canadian-pop,Pop
depressive-black-metal,Rock
blackgaze,Rock
black-metal,Rock
czsk-hip-hop,Hip-Hop
czech-pop,Pop
czech-hip-hop,Hip-Hop
russian-pop,Pop
ukrainian-pop,Pop
russian-dance,Electronic
kazakh-pop,Pop
russian-viral-rap,Hip-Hop
russian-rock,Rock
dubsteppe,Electronic
kazakh-hip-hop,Hip-Hop
central-asian-hip-hop,Hip-Hop
kazakh-indie,Rock
hookah-rap,Hip-Hop
japanese-screamo,Rock
j-pixie,Rock
trap-soul,Hip-Hop
synth-funk,Electronic
minneapolis-sound,Pop
rap-underground-espanol,Hip-Hop
folk-pop,Folk
canadian-contemporary-r&b,R&B
independent,Unknown
shoegaze-argentino,Rock
indie-garage-rock,Rock
boston-indie,Rock
post-punk-revival,Rock
surf-rock,Rock
melodic-rap,Hip-Hop
trap-argentino,Hip-Hop
brazilian-trap,Hip-Hop
brazilian-hip-hop,Hip-Hop
boom-bap,Hip-Hop
colombian-hip-hop,Hip-Hop
uk-post-punk,Rock
new-romantic,Pop
philly-indie,Rock
west-coast-rap,Hip-Hop
west-coast-hip-hop,Hip-Hop
alternative-country,Country
traditional-country,Country
classic-country-pop,Country
progressive-country,Country
classic-canadian-rock,Rock
street-punk,Rock
protopunk,Rock
detroit-rock,Rock
cosmic-american,Rock
memphis-hip-hop,Hip-Hop
la-indie,Pop
ambient-folk,Electronic
rap-rock,Hip-Hop
rap-metal,Hip-Hop
proto-metal,Rock
diy-emo,Rock
5th-wave-emo,Rock
florida-hardcore,Rock
trash-rock,Rock
punk-'n'-roll,Rock
bubblegrunge,Rock
jazz-rap,Hip-Hop
drumless-hip-hop,Hip-Hop
indiana-hip-hop,Hip-Hop
upstate-ny-rap,Hip-Hop
canadian-singer-songwriter,Folk
oakland-hip-hop,Hip-Hop
cali-rap,Hip-Hop
trap-mexicano,Hip-Hop
electro-corridos,Electronic
rap-underground-mexicano,Hip-Hop
indie-poptimism,Pop
r&b-brasileiro,R&B
rap-mineiro,Hip-Hop
miami-bass,Electronic
boom-bap-brasileiro,Hip-Hop
trap-funk,Hip-Hop
trap-brasileiro,Hip-Hop
brazilian-hardcore,Rock
brazilian-emo,Rock
high-vibe,Unknown
dmv-rap,Hip-Hop
oc-rap,Hip-Hop
soul-jazz,Jazz
alté,Unknown
seattle-hip-hop,Hip-Hop
afro-r&b,R&B
sierreno,Unknown
sad-sierreno,Unknown
musica-mexicana,Unknown
corridos-tumbados,Unknown
corridos-bélicos,Unknown
corrido,Unknown
banda,Unknown
regional-mexican,Unknown
latin-trap,Hip-Hop
latin-urban,Unknown
philly-club,Electronic
baltimore-club,Electronic
new-jersey-rap,Hip-Hop
indie-hip-hop,Hip-Hop
uk-alternative-hip-hop,Hip-Hop
new-jersey-underground-rap,Hip-Hop
sophisti-pop,Pop
madchester,Rock
avant-funk,Unknown
sad-lo-fi,Electronic
lo-fi-chill,Electronic
dream-plugg,Electronic
dark-r&b,R&B
rap-espanol,Hip-Hop
pop-urbano,Hip-Hop
synthpop,Electronic
ann-arbor-indie,Rock
progressive-pop,Pop
small-room,Electronic
countrygaze,Country
new-rave,Electronic
german-techno,Electronic
german-dance,Electronic
filter-house,Electronic
fidget-house,Electronic
acid-house,Electronic
electrofox,Electronic
metropopolis,Electronic
indie-r&b,R&B
toronto-indie,Pop
modern-indie-folk,Folk
indie-anthem-folk,Folk
uk-dance,Electronic
melodic-house,Electronic
shimmer-pop,Pop
escape-room,Electronic
british-folk,Folk
chamber-folk,Classical
irish-post-punk,Rock
irish-indie-rock,Rock
crank-wave,Electronic
tape-club,Electronic
swing-revival,Jazz
swing-music,Jazz
swing,Jazz
heartland-rock,Rock
boogie-woogie,Blues
jump-blues,Blues
munich-indie,Pop
german-indie-rock,Rock
country-disco,Country
swedish-rockabilly,Country
dansband,Pop
yacht-rock,Pop
classic-oklahoma-country,Country
modern-folk-rock,Folk
progressive-bluegrass,Country
newgrass,Country
jazz-violin,Jazz
bluegrass-fiddle,Country
bluegrass,Country
europop,Pop
country-pop,Country
country-hip-hop,Country
slap-house,Electronic
new-jersey-punk,Rock
new-jersey-hardcore,Rock
asbury-park-indie,Rock
jazz-beats,Hip-Hop
deep-tropical-house,Electronic
new-french-touch,Electronic
australian-dance,Electronic
hamburg-electronic,Electronic
german-house,Electronic
disco-house,Electronic
dallas-indie,Rock
jazz-funk,Jazz
acid-jazz,Jazz
egyptian-pop,Pop
noise-rap,Hip-Hop
world,Unknown
highlife,Unknown
afropop,Pop
buffalo-hip-hop,Hip-Hop
harlem-hip-hop,Hip-Hop
west-virginia-indie,Rock
hopebeat,Electronic
ska-revival,Folk
mod-revival,Rock
britpop,Pop
slam-poetry,Hip-Hop
jazz-poetry,Hip-Hop
proto-rap,Hip-Hop
progressive-soul,R&B
neo-r&b,R&B
girl-group,Pop
alt-z,Pop
instrumental-hip-hop,Hip-Hop
new-orleans-jazz,Jazz
jazz-trumpet,Jazz
jazz-blues,Blues
dixieland,Jazz
slow-core,Rock
memphis-soul,R&B
glam-punk,Rock
early-us-punk,Rock
weirdcore,Electronic
solo-wave,Electronic
psychedelic-folk,Folk
new-age,Unknown
neoclassical-darkwave,Classical
celtic,Folk
bow-pop,Pop
hipdut,Unknown
citation-needed,Unknown
acoustic-blues,Blues
gospel-blues,Blues
space-age-pop,Pop
acoustic,Unknown
bebop,Jazz
post-bop,Jazz
latin-jazz,Jazz
cool-jazz,Jazz
lounge,Unknown
p-pop,Pop
opm,Pop
pinoy-indie,Pop
pinoy-alternative,Rock
harana,Folk
pinoy-singer-songwriter,Folk
kundiman,Folk
rock-kapak,Rock
malaysian-pop,Pop
malay-pop,Pop
malay,Unknown
memphis-blues,Blues
punjabi-hip-hop,Hip-Hop
indian-indie,Pop
indian-electronic,Electronic
hindi-hip-hop,Hip-Hop
desi-trap,Hip-Hop
desi-hip-hop,Hip-Hop
desi,Hip-Hop
punjabi,Unknown
underground,Unknown
malayalam-indie,Rock
hindi-indie,Pop
scottish-folk,Folk
puirt-a-beul,Unknown
nederpop,Pop
levenslied,Pop
hollands,Unknown
classic-belgian-pop,Pop
portland-hip-hop,Hip-Hop
north-carolina-indie,Rock
etherpop,Pop
fantasy,Unknown
italian-singer-songwriter,Folk
neomelodico,Pop
lullaby,Unknown
yodeling,Folk
western,Unknown
proto-rockabilly,Rock
thai-rock,Rock
thai-pop,Pop
aor,Unknown
villancicos,Unknown
fado,Folk
classic-italian-pop,Pop
italian-progressive-rock,Rock
classical-crossover,Unknown
choral,Classical
american-choir,Classical
pinoy-r&b,R&B
pinoy-hip-hop,Hip-Hop
indie-dance,Electronic
electro-funk,Electronic
ambeat,Electronic
japanese-hip-hop,Hip-Hop
spiritual-jazz,Jazz
jazz-fusion,Electronic
hard-bop,Jazz
free-jazz,Jazz
avant-garde-jazz,Jazz
avant-garde,Classical
space,Unknown
jazz-trio,Jazz
jazz-piano,Jazz
contemporary-post-bop,Jazz
brazilian-jazz,Jazz
bossa-nova,Jazz
british-soul,R&B
blue-eyed-soul,R&B
canadian-rock,Rock
jazz-quartet,Jazz
twee-pop,Pop
vintage-broadway,Unknown
jazz-guitar,Jazz
violao,Unknown
vocal-pop,Pop
vintage-hollywood,Unknown
vintage-jazz,Jazz
jazz-clarinet,Jazz
smooth-jazz,Jazz
jazz-pop,Jazz
vintage-chanson,Pop
classic-garage-rock,Rock
experimental-folk,Folk
uilleann-pipes,Folk
traditional-folk,Folk
irish-neo-traditional,Folk
irish-folk,Folk
celtic-rock,Rock
medieval,Unknown
italian-folk,Folk
stride,Jazz
deathrock,Rock
anarcho-punk,Rock
piano-blues,Blues
tin-pan-alley,Jazz
philly-soul,R&B
soul-blues,Blues
nu-jazz,Electronic
electro-swing,Electronic
gothic-symphonic-metal,Classical
dutch-metal,Rock
neoclassical-metal,Rock
country-dawn,Country
uk-dnb,Electronic
grindcore,Rock
florida-death-metal,Rock
nashville-sound,Country
queer-country,Country
pinoy-rock,Rock
candy-pop,Pop
crossover-jazz,Jazz
retro-pop,Pop
uk-pop,Pop
talent-show,Pop
lovers-rock,Folk
nashville-singer-songwriter,Folk
modern-country-rock,Country
celtic-punk,Rock
folk rock,Rock
uk-garage,Electronic
beatlesque,Pop
traditional-ska,Folk
rocksteady,Folk
horror-punk,Rock
bass-music,Electronic
roots-americana,Country
modern-southern-rock,Rock
urban,Unknown
southern-gospel,Unknown
cowboy-western,Country
bakersfield-sound,Country
jamgrass,Country
modern-dream-pop,Rock
italian-metal,Rock
italian-black-metal,Rock
gothic-black-metal,Rock
doom-metal,Rock
sleaze-rock,Rock
electric-bass,Rock
third-stream,Unknown
uk82,Rock
dub-punk,Folk
crust-punk,Rock
classic-uk-pop,Pop
sludge-metal,Rock
scottish-jazz,Jazz
man's-orchestra,Classical
christian-punk,Rock
canadian-ccm,Unknown
new-age-piano,Unknown
roots-worship,Unknown
christian-folk,Folk
neotraditional-country,Country
instrumental-worship,Pop
family-gospel,Unknown
christian-a-cappella,Unknown
inspirational,Unknown
southern-soul,R&B
clean-comedy,Pop
observational,Unknown
word-play,Unknown
sitcom,Unknown
hawaiian,Folk
exotica,Unknown
slack-key-guitar,Folk
pinoy-praise,Unknown
papuri,Unknown
classic-opm,Pop
kleinkunst,Pop
belgian-singer-songwriter,Rock
belgian-rock,Rock
south-african-pop,Pop
afrikaans,Folk
dutch-rock,Rock
dutch-indie,Rock
voidgaze,Rock
virginia-metal,Rock
post-metal,Rock
post-doom-metal,Rock
post-black-metal,Rock
drone-metal,Rock
drone,Unknown
irish-contemporary-classical,Classical
vocal,Unknown
nederlandse-hardstyle,Electronic
carnaval,Unknown
vintage-dutch-pop,Pop
canadian-rockabilly,Country
canadian-punk,Rock
banjo,Unknown
neoclassical,Classical
neo-classical,Classical
steampunk,Rock
british-invasion,Rock
swedish-pop-rap,Hip-Hop
swedish-hip-hop,Hip-Hop
supergroup,Rock
gaian-doom,Rock
neofolk,Folk
urban-pop,Unknown
mandopop,Pop
gufeng,Unknown
cantopop,Pop
japanese-vocal-jazz,Jazz
singaporean-mandopop,Pop
washington-indie,Rock
emoviolence,Rock
uk-post-punk-revival,Rock
english-indie-rock,Rock
egg-punk,Rock
bristol-indie,Rock
technical-death-metal,Rock
brutal-death-metal,Rock
melodic-death-metal,Rock
usbm,Electronic
technical-black-metal,Rock
pagan-black-metal,Rock
cascadian-black-metal,Rock
new-beat,Electronic
ebm,Electronic
classic-girl-group,Pop
scottish-rock,Rock
british-indie-rock,Rock
progressive-sludge,Rock
portland-metal,Rock
old-time,Folk
mandolin,Folk
bluegrass-gospel,Unknown
neotraditionalist-country,Country
miami-indie,Rock
quebec-indie,Rock
canadian-indie,Rock
alternative-pop-rock,Pop
p-funk,R&B
funky-house,Electronic
pixie,Pop
punk-galego,Rock
galician-rock,Rock
north-carolina-metal,Rock
bosstown-sound,Rock
chinese-audiophile,Unknown
australian-rock,Rock
australian-alternative-rock,Rock
british-blues,Blues
swedish-idol-pop,Pop
swedish-electropop,Electronic
modern-bollywood,Pop
hindi-pop,Pop
filmi,Pop
bangla-pop,Pop
chicago-blues,Blues
oakland-indie,Rock
boston-rock,Rock
punjabi-pop,Pop
classic-bhangra,Pop
bhangra,Folk
battle-rap,Hip-Hop
neo-industrial-rock,Electronic
antiviral-pop,Pop
nerdcore-brasileiro,Hip-Hop
us-power-metal,Rock
tolkien-metal,Rock
speed-metal,Rock
nwothm,Rock
vlogging,Unknown
socal-pop-punk,Rock
japanese-punk-rock,Rock
japanese-pop-punk,Pop
breakbeat,Electronic
big-beat,Electronic
louisiana-metal,Rock
indie-punk,Rock
harmonica-blues,Blues
neotraditional,Unknown
deep-german-punk,Rock
tennessee-metal,Rock
metallic-hardcore,Rock
surf-music,Rock
instrumental-rock,Rock
2-tone,Unknown
gothabilly,Rock
darkwave,Electronic
dark-wave,Electronic
corrosion,Rock
cold-wave,Electronic
samba-reggae,Unknown
pagode-baiano,Unknown
axe,Pop
axé,Pop
symphonic-deathcore,Rock
alternative-pop,Pop
third-wave-ska,Unknown
swiss-metal,Rock
medieval-metal,Rock
hurdy-gurdy,Folk
celtic-metal,Rock
norwegian-metal,Rock
norwegian-black-metal,Rock
folk-black-metal,Folk
occult-rock,Rock
finnish-rock,Rock
finnish-alternative-rock,Rock
dark-rock,Rock
synthwave,Electronic
greek-shoegaze,Rock
greek-indie,Pop
hip hop,Hip-Hop
electro swing,Electronic
chicago-soul,R&B
psychedelic-soul,R&B
nordic-shoegaze,Rock
medieval-folk,Folk
ethereal-wave,Rock
madrigal,Classical
neo-medieval,Unknown
welsh-rock,Rock
welsh-indie,Rock
a-cappella,Folk
ska-argentino,Folk
post-punk-argentina,Rock
australian-pop,Pop
zydeco,Blues
new-orleans-blues,Blues
louisiana-blues,Blues
swamp-rock,Rock
idol,Pop
wrock,Rock
trance,Electronic
native-american-music,Unknown
progressive-trance,Electronic
easycore,Rock
smooth-saxophone,Jazz
channel-pop,Pop
indiecoustica,Folk
acoustic-cover,Folk
boston-punk,Rock
oi!,Rock
minimal-techno,Electronic
canadian-electronic,Electronic
shiver-pop,Pop
indie-emo,Rock
scottish-new-wave,Rock
new-italo-disco,Electronic
palingsound,Unknown
nederbeat,Unknown
smooth-soul,R&B
zolo,Unknown
pub-rock,Rock
vocal-harmony-group,Pop
boy-band,Pop
chicano-rap,Hip-Hop
psychedelic-rap,Hip-Hop
swedish-garage-rock,Rock
action-rock,Rock
garage-punk,Rock
jazz-trombone,Jazz
australian-electropop,Electronic
chill-pop,Pop
dutch-black-metal,Rock
black-'n'-roll,Rock
deep-adult-standards,Unknown
ottawa-indie,Rock
ontario-indie,Rock
latin-country,Country
cajun,Unknown
detroit-hip-hop,Hip-Hop
pennsylvania-shoegaze,Rock
nu-gaze,Rock
grungegaze,Rock
dreamgaze,Rock
american-shoegaze,Rock
manitoba-indie,Rock
punk-blues,Blues
garage-punk-blues,Blues
garage-pop,Pop
irish-rock,Rock
music-hall,Unknown
hauntology,Electronic
spanish-folk-rock,Folk
swedish-metal,Rock
swedish-melodeath,Rock
deathrash,Rock
scottish-indie,Rock
eurobeat,Electronic
synth-punk,Electronic
art-punk,Rock
geek-rock,Rock
jazz-cover,Jazz
coverchill,Electronic
sadcore,Rock
deep-ragga,Folk
spanish-rock,Rock
latin-viral-pop,Pop
hiplife,Hip-Hop
afro-rock,Rock
philadelphia-soul,R&B
old-school-atlanta-hip-hop,Hip-Hop
portland-punk,Rock
instrumental-funk,Jazz
brass-band,Classical
coupé-décalé,Unknown
hip-hop-soul,Hip-Hop
tropical-house,Electronic
klubowe,Electronic
hard-alternative,Rock
gymcore,Electronic
epicore,Rock
sacred-steel,Unknown
texas-blues,Blues
eurodisco,Unknown
piano-cover,Classical
brill-building-pop,Pop
deep-christian-rock,Rock
classic-praise,Pop
melbourne-bounce-international,Electronic
eurodance,Electronic
countrypolitan,Country
avant-garde-metal,Rock
paisley-underground,Rock
garage-rock-revival,Rock
wyoming-roots,Country
hip-house,Electronic
brooklyn-indie,Rock
prog-pop,Pop
nintendocore,Electronic
laiko,Pop
vispop,Pop
bisrock,Rock
adult-contemporary,Unknown
delta-blues,Blues
shibuya-kei,Electronic
japanese-shoegaze,Rock
japanese-dream-pop,Pop
musical-theatre,Unknown
garage-psych,Rock
chamber-psych,Rock
umea-indie,Pop
glee-club,Classical
bossa-nova-cover,Jazz
german-show-tunes,Pop
euro-disco,Unknown
chap-hop,Unknown
brazilian-post-hardcore,Rock
brazilian-metalcore,Rock
liedermacher,Folk
german-punk,Rock
country-gospel,Country
chicago-indie,Rock
christian-indie,Rock
noisecore,Rock
cybergrind,Rock
american-grindcore,Rock
otacore,Rock
kansas-city-hip-hop,Hip-Hop
chopper,Unknown
swedish-metalcore,Rock
tejano/tex-mex,Unknown
voetbal,Unknown
bubblegum-dance,Electronic
tech-house,Electronic
progressive-electro-house,Electronic
norrbotten-indie,Rock
traditional-rockabilly,Country
japanese-alternative-pop,Pop
cincinnati-indie,Rock
southern-americana,Country
instrumental-acoustic-guitar,Folk
fingerstyle,Folk
furry,Pop
geek-folk,Folk
canadian-post-hardcore,Rock
old-school-thrash,Rock
new-york-hardcore,Unknown
pop-soul,Pop
boogie-rock,Rock
post-industrial,Electronic
go-go,Hip-Hop
punkabilly,Unknown
space-music,Electronic
space-ambient,Electronic
instrumental-post-rock,Rock
compositional-ambient,Electronic
ambient-worship,Electronic
ambient-post-rock,Electronic
ambient-guitar,Electronic
electropowerpop,Electronic
austin-singer-songwriter,Folk
contemporary-folk,Folk
country-folk,Folk
jamaican-ska,Folk
modern-melodic-hardcore,Rock
rock-progressif-francais,Rock
dutch-prog,Rock
crossover-prog,Rock
hypertechno,Electronic
canadian-metal,Rock
pagode-novo,Unknown
hard-trance,Electronic
indiana-indie,Pop
transpop,Electronic
rap-baiano,Hip-Hop
pop-lgbtq+-brasileira,Pop
nova-mpb,Pop
deconstructed-club,Electronic
brazilian-pop,Pop
afrofuturismo-brasileiro,Electronic
two-tone,Unknown
rock-keyboard,Rock
viking-metal,Rock
symphonic-black-metal,Rock
new-york-shoegaze,Rock
indie-surf,Rock
austin-rock,Rock
alternative-americana,Folk
oxford-indie,Rock
tampa-indie,Pop
christian-metalcore,Rock
british-comedy,Pop
dutch-pop,Pop
dutch-cabaret,Pop
lo-fi-rap,Electronic
iowa-hip-hop,Hip-Hop
tropicalia,Rock
samba-de-roda,Unknown
tropicália,Rock
viking-black-metal,Rock
belgian-metal,Rock
belgian-black-metal,Rock
western-mass-indie,Rock
pop-emo,Pop
jazz-double-bass,Jazz
danish-pop-rock,Pop
danish-jazz,Jazz
vancouver-indie,Rock
canadian-psychedelic-rock,Rock
women's-music,Folk
canadian-celtic,Folk
swedish-power-metal,Rock
gothenburg-metal,Rock
japanese-singer-songwriter,Folk
progressive-house,Electronic
texas-pop-punk,Pop
texas-metal,Rock
sacramento-indie,Rock
technopop,Pop
liminal-space,Unknown
corecore,Rock
swedish-synthpop,Electronic
traditional-bluegrass,Country
appalachian-folk,Folk
noise-music,Unknown
japanoise,Electronic
fake,Unknown
swedish-melodic-rock,Rock
swedish-hard-rock,Rock
new-wave-of-glam-metal,Rock
detroit-indie,Rock
instrumental-surf,Rock
deep-melodic-hard-rock,Rock
suomi-rock,Rock
iskelma,Pop
finnish-pop,Pop
finnish-dance-pop,Pop
swedish-jazz,Jazz
german-jazz,Jazz
goregrind,Rock
deathgrind,Rock
deep-new-americana,Folk
brighton-indie,Rock
lofi,Electronic
rock-&-roll,Rock
neo-rockabilly,Rock
uk-noise-rock,Rock
australian-post-punk,Rock
scottish-singer-songwriter,Folk
folktronica,Electronic
dub-metal,Rock
birmingham-metal,Rock
chicago-house,Electronic
alabama-rap,Hip-Hop
cha-cha-cha,Unknown
latin,Unknown
austin-metal,Rock
british-grindcore,Rock
british-death-metal,Rock
norwegian-rock,Rock
norwegian-alternative-rock,Rock
norsk-rock,Rock
deathpop,Pop
popular,Unknown
jazz-saxophone,Jazz
straight-ahead-jazz,Jazz
samba-jazz,Jazz
gospel-singers,Unknown
brill-building,Unknown
puerto-rican-pop,Pop
adventista,Unknown
hong-kong-english-pop,Pop
orchestral-pop,Pop
lounge-pop,Pop
acoustic-guitar-cover,Folk
new-orleans-americana,Country
new-orleans-indie,Pop
rock-'n'-roll,Rock
swedish-death-metal,Rock
swedish-alternative-rock,Rock
indie-electronica,Electronic
glitch,Electronic
experimental-synth,Electronic
polka,Unknown
parody,Rock
symphonic-power-metal,Rock
boogie,R&B
budots,Electronic
gulf-and-western,Unknown
tempe-indie,Pop
neue-deutsche-todeskunst,Rock
german-alternative-rock,Rock
wonky,Electronic
witch-house,Electronic
grave-wave,Electronic
sheffield-indie,Rock
british-singer-songwriter,Folk
australian-comedy,Pop
absurdist-comedy,Unknown
sketch,Unknown
observational-comedy,Unknown
dark-comedy,Unknown
kabarett,Unknown
classic-mandopop,Pop
modern-ska-punk,Folk
chaotic-hardcore,Rock
boston-hardcore,Rock
melbourne-bounce,Electronic
stutter-house,Electronic
big-room,Electronic
dance-punk-revival,Rock
atmospheric-post-metal,Rock
swedish-grindcore,Rock
dark-black-metal,Rock
cabaret,Pop
shanty,Unknown
cornish-folk,Folk
south-carolina-indie,Rock
barbershop,Unknown
rap-metalcore,Hip-Hop
garage-house,Electronic
belgian-dance,Electronic
rock-quebecois,Rock
rap-québécois,Hip-Hop
pop-québécoise,Pop
hip-hop-quebecois,Hip-Hop
folk-québécois,Folk
chanson-québécoise,Unknown
gen-z-singer-songwriter,Folk
singer-songwriter-pop,Pop
deathgrass,Folk
wisconsin-indie,Rock
prank,Electronic
anti-comedy,Unknown
tollywood,Pop
telugu-pop,Pop
tamil-dance,Electronic
devotional,Unknown
north-carolina-roots,Country
chapel-hill-sound,Rock
chattanooga-indie,Rock
rock-independant-francais,Rock
pop-country,Country
swamp-pop,Pop
italian-adult-pop,Pop
canadian-folk,Folk
melodic-black-metal,Rock
greek-black-metal,Rock
new-orleans-r&b,R&B
country-soul,R&B
popgaze,Pop
mississippi-indie,Rock
freestyle,Hip-Hop
canadian-comedy,Pop
improvisational-comedy,Unknown
surreal-humour,Unknown
physical-comedy,Unknown
sketch-comedy,Unknown
character-comedy,Unknown
american-oi,Rock
native-american-traditional,Unknown
chopper-rap,Hip-Hop
new-england-americana,Country
boston-folk,Folk
neo-singer-songwriter,Folk
wrestling,Hip-Hop
pittsburgh-metal,Rock
pennsylvania-hardcore,Rock
japanese-indie-pop,Pop
japanese-soundtrack,Classical
anime-score,Classical
minimalism,Classical
viral-rap,Hip-Hop
pop-nacional,Pop
uk-post-hardcore,Rock
british-alternative-rock,Rock
electronicore,Electronic
canadian-indie-folk,Folk
classic-iskelma,Pop
italian-indie-pop,Pop
indie-psych-pop,Pop
finnish-death-metal,Rock
dissonant-death-metal,Rock
russian-post-punk,Rock
classic-cantopop,Pop
emo-punk,Rock
okc-indie,Rock
albany-ny-indie,Rock
partyschlager,Unknown
discofox,Electronic
alpine-yodeling,Folk
north-carolina-emo,Rock
latin-talent-show,Unknown
electro-latino,Electronic
rock-gospel-brasileiro,Rock
reggae-cristao,Folk
rap-cristao,Hip-Hop
groove-gospel,R&B
brazilian-gospel,Unknown
brazilian-evangelical-music,Pop
pop-venezolano,Pop
pop-reggaeton,Pop
colombian-pop,Pop
tecnobrega,Electronic
forró-tradicional,Unknown
forro,Unknown
munich-electronic,Electronic
lo-fi-house,Electronic
jazz-house,Electronic
nz-metal,Rock
nz-hardcore,Rock
future-house,Electronic
dutch-edm,Electronic
vocal-house,Electronic
pop-dance,Electronic
g-house,Electronic
dutch-house,Electronic
british-math-rock,Rock
footwork,Electronic
k-rap,Hip-Hop
r&b-en-espanol,R&B
kids-dance-party,Pop
christian-uplift,Unknown
acoustic-folk,Folk
autonomous-black-metal,Rock
atmospheric-black-metal,Rock
classic-city-pop,Pop
progressive-folk,Folk
shatta,Folk
jamaican-dancehall,Folk
dancehall-queen,Folk
thall,Rock
progressive-deathcore,Rock
baiao,Unknown
accordion,Folk
xaxado,Unknown
quadrilha,Unknown
vocaloid-metal,Electronic
tropical,Unknown
salsa-romantica,Unknown
salsa,Unknown
modern-salsa,Unknown
merengue,Unknown
bachata,Unknown
japanese-power-metal,Rock
japanese-death-metal,Rock
korean-punk,Rock
norwegian-indie,Rock
polish-folk-metal,Folk
christian-symphonic-metal,Rock
spanish-indie-folk,Folk
murcia-indie,Pop
finnish-melodeath,Rock
chill-r&b,Electronic
powerviolence,Rock
california-hardcore,Rock
death-doom,Rock
german-power-metal,Rock
german-metal,Rock
crack-rock-steady,Folk
symphonic-death-metal,Rock
turkish-metal,Rock
velha-guarda,Unknown
trova,Folk
nueva-trova,Folk
nueva-cancion,Folk
nova-canco,Folk
nueva-canción,Folk
danish-electropop,Electronic
danish-electronic,Electronic
german-reggae,Folk
nordic-folk-metal,Folk
icelandic-black-metal,Rock
german-pagan-metal,Rock
german-black-metal,Rock
pagan-metal,Rock
swiss-black-metal,Rock
pop-flamenco,Pop
flamenco-pop,Pop
swedish-heavy-metal,Rock
musica-aragonesa,Unknown
west-coast-reggae,Folk
german-punk-rock,Rock
antideutsche,Rock
emo-revival,Rock
pornogrind,Rock
diva-house,Electronic
brazilian-thrash-metal,Rock
brazilian-metal,Rock
brazilian-death-metal,Rock
tribute,Rock
lawrence-ks-indie,Rock
kentucky-punk,Rock
kentucky-metal,Rock
beatdown-hardcore,Rock
uk-stoner-rock,Rock
christian-hard-rock,Rock
chinese-rock,Rock
screamocore,Rock
atlanta-punk,Rock
glitch-pop,Electronic
avant-hip-hop,Hip-Hop
norwegian-doom-metal,Rock
oulu-metal,Rock
alternative-metalcore,Rock
flute-rock,Folk
hypnagogic-pop,Electronic
sasscore,Rock
soft-pop,Pop
tulsa-indie,Rock
rotterdam-indie,Rock
dutch-punk-rock,Rock
dutch-punk,Rock
neo-classical-metal,Classical
c86,Rock
oldschool-deutschrap,Hip-Hop
hamburg-hip-hop,Hip-Hop
german-alternative-rap,Hip-Hop
ok-indie,Rock
punk-euskera,Rock
euskal-rock,Rock
detroit-hardcore,Electronic
lapland-metal,Rock
finnish-power-metal,Rock
finnish-doom-metal,Rock
new-york-death-metal,Rock
vampiric-black-metal,Rock
swedish-black-metal,Rock
opera-metal,Classical
melodic-groove-metal,Rock
greek-metal,Rock
acoustic-chill,Unknown
bangladeshi-rock,Rock
bangladeshi-indie,Rock
slavic-metal,Rock
slavic-folk-metal,Folk
polish-metal,Rock
video-game,Unknown
canadian-trap,Hip-Hop
euskal-metal,Rock
cyber-metal,Electronic
new-england-emo,Rock
technical-groove-metal,Rock
technical-brutal-death-metal,Rock
euro-pop,Pop
gregorian-chant,Classical
progressive-metalcore,Rock
gainesville-indie,Pop
american-melodeath,Rock
technical-melodic-death-metal,Rock
technical-deathcore,Rock
quebec-death-metal,Rock
ukrainian-metal,Rock
north-alabama-indie,Rock
canadian-post-rock,Rock
turkish-rock,Rock
turkish-alt-pop,Pop
german-oi,Rock
metal-gotico,Rock
latin-metal,Rock
german-metalcore,Rock
german-death-metal,Rock
polish-black-metal,Rock
classic-korean-pop,Pop
post-progressive,Rock
trap-baiano,Hip-Hop
latin-folk,Folk
gaming-edm,Electronic
complextro,Electronic
canadian-metalcore,Rock
chill-abstract-hip-hop,Electronic
japanese-idm,Electronic
italian-trap,Hip-Hop
italian-hip-hop,Hip-Hop
japanese-post-rock,Rock
j-ambient,Electronic
new-york-drill,Hip-Hop
mambo,Unknown
chilean-trap,Hip-Hop
chilean-mambo,Unknown
trap-dominicano,Hip-Hop
uk-dancehall,Folk
swedish-dancehall,Folk
nigerian-pop,Pop
road-rap,Hip-Hop
afro-pop,Pop
taiwan-hip-hop,Hip-Hop
hamburger-schule,Rock
elektropunk,Electronic
indie-quebecois,Pop
portsmouth-indie,Rock
hk-pop,Pop
eau-claire-indie,Rock
australian-indie,Rock
indie-electropop,Electronic
vancouver-punk,Rock
canadian-hardcore,Rock
underground-rap,Hip-Hop
iskelmä,Pop
russian-punk,Rock
polish-trap,Hip-Hop
polish-hip-hop,Hip-Hop
scam-rap,Hip-Hop
michigan-rap,Hip-Hop
jerk,Unknown
memphis-rap,Hip-Hop
sexy-drill,Hip-Hop
french-synthpop,Electronic
french-shoegaze,Rock
rock-en-español,Rock
moroccan-rap,Hip-Hop
moroccan-pop,Pop
dutch-r&b,R&B
folk-blues,Blues
turkish-hip-hop,Hip-Hop
turkce-trap-metal,Hip-Hop
phonk,Hip-Hop
new-school-turkce-rap,Hip-Hop
drill,Hip-Hop
austrian-metal,Rock
austrian-black-metal,Rock
magyar-trap,Hip-Hop
tamil-pop,Pop
kollywood,Pop
kannada-pop,Pop
tamil-hip-hop,Hip-Hop
sandalwood,Unknown
uk-drill,Hip-Hop
chill-drill,Electronic
north-carolina-hip-hop,Hip-Hop
korean-trap,Hip-Hop
korean-r&b,R&B
tropical-music,Unknown
mexican-rock-and-roll,Rock
cumbia-sonidera,Unknown
cumbia,Unknown
vallenato-moderno,Unknown
vallenato,Unknown
romanian-trap,Hip-Hop
manele,Pop
neue-deutsche-harte,Rock
neue-deutsche-härte,Rock
dark-clubbing,Electronic
hoerspiel,Unknown
modern-indie-pop,Pop
future-rock,Electronic
deathstep,Electronic
german-rap,Hip-Hop
modern-alternative-pop,Pop
uk-hip-hop,Hip-Hop
uk-grime,Hip-Hop
london-rap,Hip-Hop
grime,Electronic
batidao-romantico,Unknown
darksynth,Electronic
cloud rap,Hip-Hop
japanese-teen-pop,Pop
meme-rap,Hip-Hop
trap-italiana,Hip-Hop
rage,Unknown
anison,Unknown
sudanese-pop,Pop
sudanese-hip-hop,Hip-Hop
ukrainian-hip-hop,Hip-Hop
tennessee-hip-hop,Hip-Hop
panamanian-pop,Pop
latin-afrobeats,Electronic
sichuanese-hip-hop,Hip-Hop
philly-rap,Hip-Hop
vapor-soul,Electronic
portuguese-metal,Rock
portuguese-black-metal,Rock
rock-nacional-brasileiro,Rock
rock-mineiro,Rock
rock-alternativo-brasileiro,Rock
ghanaian-pop,Pop
ghanaian-hip-hop,Hip-Hop
asakaa,Hip-Hop
vbs,Unknown
uplifting-trance,Electronic
anatolian-rock,Rock
anadolu-rock,Rock
turkish-psych,Rock
turkish-pop,Pop
karadeniz-turkuleri,Folk
arabesk,Pop
protest-song,Unknown
funk-consciente,Hip-Hop
azontobeats,Electronic
amapiano,Electronic
afropiano,Electronic
venezuelan-hip-hop,Hip-Hop
trap-venezolano,Hip-Hop
forro-de-favela,Unknown
funktronica,Electronic
houston-rap,Hip-Hop
chopped-and-screwed,Hip-Hop
channel-islands-indie,Rock
detroit-trap,Hip-Hop
chutney,Unknown
barbadian-pop,Pop
popping,Hip-Hop
filthstep,Electronic
melodic-bass,Electronic
brooklyn-drill,Hip-Hop
vietnamese-singer-songwriter,Folk
vietnamese-lo-fi,Electronic
vietnam-indie,Pop
v-pop,Pop
spanish-language-reggae,Folk
spanish-reggae,Folk
chicago-drill,Hip-Hop
traphall,Hip-Hop
jamaican-hip-hop,Hip-Hop
pittsburgh-rap,Hip-Hop
frat-rap,Hip-Hop
retro-metal,Rock
austrian-stoner-rock,Rock
pixel,Electronic
melodic-drill,Hip-Hop
british-hip-hop,Hip-Hop
alt-pop,Pop
industrial-pop,Pop
czech-rock,Rock
german-r&b,R&B
basshall,Electronic
swedish-eurodance,Electronic
ranchera,Folk
mariachi,Unknown
ballads,Unknown
hong-kong-rock,Rock
hong-kong-indie,Pop
electronic-dance,Electronic
german-pop-rock,Pop
pop-romantico,Pop
nouvelle-chanson-francaise,Unknown
german-drill,Hip-Hop
sertanejo-tradicional,Country
language,Unknown
guidance,Unknown
norteno-sax,Unknown
cumbia-norteña,Unknown
french-punk,Rock
triangle-indie,Pop
atmospheric-sludge,Rock
nashville-indie,Pop
cyberpunk,Electronic
outsider,Rock
psytrance,Electronic
psychedelic-trance,Electronic
cdo-indie,Rock
visayan-pop,Pop
hands-up,Electronic
bubble-trance,Electronic
proto-hyperpop,Pop
bubblegum-bass,Electronic
military-rap,Hip-Hop
military-cadence,Unknown
military-band,Unknown
melodic-thrash,Rock
rap-conciencia,Hip-Hop
redneck,Country
taiwan-classical-performance,Classical
wu-fam,Hip-Hop
vocal-group,Unknown
lofi-hip-hop,Hip-Hop
rap-kreyol,Hip-Hop
social-media-pop,Pop
russian-grime,Hip-Hop
russian-emo-rap,Hip-Hop
grisly-death-metal,Rock
chilean-rock,Rock
pop-metal,Rock
swedish-reggae,Folk
italian-gothic,Rock
punk-rock-mexicano,Rock
mumble-rap,Hip-Hop
trap-carioca,Hip-Hop
trap-pesado,Hip-Hop
denver-metal,Rock
old-school-rap-francais,Hip-Hop
rock-chapin,Rock
japanese-pop,Pop
novelty,Pop
techno-kayo,Electronic
kayokyoku,Pop
japanese-new-wave,Pop
idol-kayo,Pop
enka,Unknown
kayōkyoku,Pop
pinoy-reggae,Folk
modern-goth,Rock
deep-neofolk,Folk
nervous,Unknown
game-mood,Electronic
bassline,Electronic
morelos-indie,Pop
emo-mexicano,Rock
boston-hip-hop,Hip-Hop
soulful-house,Electronic
children's-folk,Folk
canadian-children's-music,Unknown
cleveland-metal,Rock
east-coast-reggae,Folk
deep-progressive-rock,Rock
deep-german-hip-hop,Hip-Hop
contemporary-classical,Classical
german-hard-rock,Rock
kolsche-karneval,Unknown
baltimore-indie,Rock
christian-afrobeat,Unknown
african-gospel,Unknown
romanian-pop,Pop
romanian-house,Electronic
popcorn,Unknown
vocalese,Unknown
reggae-catala,Folk
catalan-rumba,Unknown
musica-tocantinense,Unknown
south-african-pop-dance,Electronic
south-african-house,Electronic
afro-tech,Electronic
afro-house,Electronic
turkish-trap,Hip-Hop
turkce-drill,Hip-Hop
asian-american-hip-hop,Hip-Hop
corridos,Unknown
deep-flow,Hip-Hop
indonesian-punk,Rock
chicago-hardcore,Rock
rap-chrétien,Hip-Hop
afro-soul,R&B
oth-indie,Rock
sunnlensk-tonlist,Folk
kansas-indie,Rock
hyperpop-francais,Electronic
florida-drill,Hip-Hop
trondersk-musikk,Unknown
norwegian-pop,Pop
classic-norwegian-pop,Pop
sovietwave,Electronic
classic-russian-rock,Rock
neue-volksmusik,Unknown
mor,Unknown
kids-hip-hop,Hip-Hop
south-dakota-indie,Rock
pacific-islands-gospel,Unknown
deep-ccm,Unknown
christian-power-metal,Rock
argentine-indie,Rock
argentine-punk,Rock
chinese-electropop,Electronic
dansk-pop,Pop
latin-christian,Unknown
latin-worship,Unknown
rock-cristiano,Rock
pentecostal,Unknown
indonesian-worship,Pop
sertanejo-universitário,Country
nz-hip-hop,Hip-Hop
german-cloud-rap,Hip-Hop
collage-pop,Pop
auteur-compositeur-interprete-quebecois,Folk
chanson-quebecois,Folk
gothenburg-hip-hop,Hip-Hop
swedish-trap-pop,Electronic
swedish-gangsta-rap,Hip-Hop
irish-pop,Pop
musica-tlaxcalteca,Unknown
bc-underground-hip-hop,Hip-Hop
german-underground-rap,Hip-Hop
edm-trap,Electronic
electronic-trap,Electronic
irish-punk,Rock
kingston-on-indie,Rock
dayton-indie,Rock
classic-danish-pop,Pop
danish-pop,Pop
dansktop,Pop
black-americana,Rock
indonesian-hip-hop,Hip-Hop
brazilian-bass,Electronic
brazilian-edm,Electronic
brazilian-house,Electronic
argentine-telepop,Electronic
pop-argentino,Pop
moombahton,Electronic
perreo,Hip-Hop
desi-pop,Pop
ndombolo,Unknown
rumba-congolaise,Unknown
soukous,Unknown
afro-adura,Unknown
neo-progressive,Rock
black-thrash,Rock
british-black-metal,Rock
nwobhm,Rock
gypsy-punk,Folk
laboratorio,Electronic
grunge-pop,Pop
rap-cearense,Hip-Hop
speed-up-brasileiro,Electronic
australian-metal,Rock
australian-thrash-metal,Rock
flick-hop,Hip-Hop
atl-trap,Hip-Hop
chill-lounge,Electronic
britpop-revival,Pop
liverpool-indie,Rock
kenyan-r&b,R&B
south-african-r&b,R&B
trap-cristao,Hip-Hop
underground-grunge,Rock
michigan-indie,Rock
uk-alternative-pop,Pop
country-quebecois,Country
nigerian-hip-hop,Hip-Hop
indian-singer-songwriter,Folk
pop-quebecois,Pop
digital-hardcore,Electronic
electro-industrial,Electronic
balkan-hip-hop,Hip-Hop
slovenian-pop,Pop
turbo-folk,Pop
gym-hardstyle,Electronic
seresta,Folk
bass-trap,Electronic
funk-pop,Pop
indie-curitibano,Pop
rap-feminino-nacional,Hip-Hop
rap-latina,Hip-Hop
west-bengali-pop,Pop
gauze-pop,Pop
sertanejo-gospel,Country
russian-ska,Folk
chicago-bop,Jazz
austrian-pop,Pop
lexington-ky-indie,Rock
dembow-belico,Unknown
electra,Rock
french-techno,Electronic
destroy-techno,Electronic
deep-talent-show,Pop
melodic-dubstep,Electronic
pop-edm,Electronic
british-post-rock,Rock
cosmic-post-rock,Rock
cologne-hip-hop,Hip-Hop
louvor-icm,Unknown
forro-gospel,R&B
adoracao,Unknown
canadian-old-school-hip-hop,Hip-Hop
oi,Rock
argentine-heavy-metal,Rock
spanish-metal,Rock
south-african-deep-house,Electronic
nz-electronic,Electronic
psychill,Electronic
nightrun,Electronic
alaska-indie,Rock
medieval-rock,Rock
french-garage-rock,Rock
finnish-hard-rock,Rock
norwegian-hip-hop,Hip-Hop
norwegian-pop-rap,Hip-Hop
german-post-hardcore,Rock
scottish-metal,Rock
electronica-cristiana,Electronic
rap-cristiano,Hip-Hop
deutschrock,Rock
neo-kraut,Electronic
progressive-psytrance,Electronic
scandinavian-r&b,R&B
dutch-hip-hop,Hip-Hop
dutch-rap-pop,Hip-Hop
aggrotech,Electronic
volksmusik,Unknown
deep-discofox,Electronic
anime-piano,Classical
grebo,Rock
swedish-underground-rap,Hip-Hop
indian-edm,Electronic
melodic-progressive-metal,Rock
swedish-progressive-metal,Rock
karneval,Unknown
oktoberfest,Unknown
russian-heavy-metal,Rock
russian-thrash-metal,Rock
belarusian-pop,Pop
belarusian-rock,Rock
russian-alternative-rock,Rock
trap-boricua,Hip-Hop
australian-alternative-pop,Pop
australian-r&b,R&B
auckland-indie,Rock
nz-pop,Pop
belgian-hip-hop,Hip-Hop
j-acoustic,Folk
deep-dubstep,Electronic
future-garage,Electronic
minimal-dubstep,Electronic
uk-bass,Electronic
t-pop,Pop
spacesynth,Electronic
croatian-pop,Pop
yugoslav-rock,Rock
taiwan-indie,Rock
indie-rockism,Rock
hyperpop-en-espanol,Electronic
dark-post-punk,Rock
dfw-rap,Hip-Hop
baptist-gospel,Unknown
chillstep,Electronic
darkstep,Electronic
neurofunk,Electronic
lo-fi-emo,Electronic
russian-drain,Pop
russian-hyperpop,Electronic
edmonton-indie,Rock
experimental-vocal,Classical
icelandic-experimental,Electronic
icelandic-singer-songwriter,Folk
australian-reggae-fusion,Folk
nightcore,Electronic
irish-experimental,Electronic
blackened-hardcore,Rock
emotional-black-metal,Rock
neo-crust,Rock
hyperpop-brasileiro,Electronic
plug-brasileiro,Hip-Hop
rap-guarulhense,Hip-Hop
fantasy-metal,Rock
cosmic-black-metal,Rock
hungarian-black-metal,Rock
hungarian-metal,Rock
sci-fi-metal,Rock
fluxwork,Electronic
chicago-pop-punk,Rock
rhode-island-rap,Hip-Hop
48g,Electronic
chinese-melodic-rap,Hip-Hop
chinese-viral-pop,Pop
danish-death-metal,Rock
danish-metal,Rock
nyc-pop,Pop
speed-house,Electronic
covertronica,Electronic
cancion-melodica,Unknown
puerto-rican-rock,Rock
indie-veneto,Pop
italian-ska,Folk
ska-espanol,Folk
minneapolis-metal,Rock
finnish-hip-hop,Hip-Hop
rap-belge,Hip-Hop
raï,Pop
swiss-indie,Rock
swiss-pop,Pop
musica-sonorense,Unknown
funkot,Electronic
korean-underground-rap,Hip-Hop
swedish-americana,Country
leeds-indie,Rock
modern-hard-rock,Rock
vermont-indie,Rock
melodic-deathcore,Rock
metal-paranaense,Rock
electro-trash,Electronic
colombian-rock,Rock
kiwi-rock,Rock
spacegrunge,Rock
ukrainian-metalcore,Rock
korean-old-school-hip-hop,Hip-Hop
danspunk,Rock
haryanvi-hip-hop,Hip-Hop
haryanvi-pop,Pop
nashville-americana,Country
uk-diy-punk,Rock
hard-rock-brasileiro,Rock
rap-nacional-antigo,Hip-Hop
rock-gaucho,Rock
melodic-doom,Rock
swedish-doom-metal,Rock
australian-children's-music,Pop
classic-house,Electronic
nordic-classical-piano,Classical
norwegian-classical,Classical
reggaeton-cristiano,Unknown
socal-indie,Rock
rebel-blues,Blues
new-wave-of-thrash-metal,Rock
virginia-punk,Rock
eugene-indie,Rock
drain,Rock
substep,Electronic
brazilian-classical-piano,Classical
russian-metalcore,Rock
festigal,Pop
israeli-pop,Pop
skansk-musik,Folk
western-americana,Country
latincore,Rock
macedonian-pop,Pop
downtempo-deathcore,Electronic
san-diego-rap,Hip-Hop
german-trap,Hip-Hop
salsa-choke,Unknown
russian-edm,Electronic
kc-indie,Rock
indian-metal,Rock
japanese-alternative-rock,Rock
guaracha,Unknown
mambo-chileno,Unknown
reggaeton-chileno,Hip-Hop
urbano-chileno,Hip-Hop
bedroom-soul,R&B
chillhop,Electronic
lo-fi-beats,Electronic
acoustic-opm,Folk
dc-hardcore,Rock
healing,Unknown
kirtan,Folk
kundalini,Unknown
japanese-folk,Folk
korean-instrumental,Classical
electro-jazz,Electronic
indie-folk-argentino,Folk
afrobeat-fusion,R&B
latin-afrobeat,Electronic
death-'n'-roll,Rock
albanian-hip-hop,Hip-Hop
albanian-pop,Pop
kosovan-pop,Pop
halifax-indie,Rock
uk-doom-metal,Rock
musica-popular-mineira,Unknown
rhode-island-indie,Rock
shamanic,Unknown
world-devotional,Unknown
argentine-reggae,Folk
british-industrial,Electronic
martial-industrial,Electronic
quebec-punk,Rock
quebec-metal,Rock
bboy,Hip-Hop
russian-indie,Rock
jazz-metal,Jazz
miami-metal,Rock
progressive-groove-metal,Rock
modern-progressive-rock,Rock
anthem-worship,Pop
finnish-psychedelic-rock,Rock
black-death,Rock
occult-black-metal,Rock
rap-gabonais,Hip-Hop
downtempo-fusion,Electronic
icelandic-electronic,Electronic
icelandic-post-punk,Rock
icelandic-punk,Rock
icelandic-rock,Rock
turkish-instrumental,Classical
turkish-soundtrack,Classical
funeral-doom,Rock
progressive-doom,Rock
swiss-punk,Rock
london-indie,Rock
trop-rock,Pop
uae-indie,Pop
irish-metal,Rock
dark-synthpop,Electronic
soul-flow,R&B
australian-metalcore,Rock
traprun,Hip-Hop
vapor-twitch,Electronic
mathgrind,Rock
french-folk-pop,Folk
french-reggae,Folk
epadunk,Hip-Hop
french-emo,Rock
french-hardcore,Rock
rock-alternatif-francais,Rock
hamilton-on-indie,Rock
avant-garde-black-metal,Rock
french-black-metal,Rock
latintronica,Electronic
musica-eletronica-brasileira,Electronic
organic-electronic,Electronic
organic-house,Electronic
tribal-house,Electronic
danish-alternative-rock,Rock
danish-rock,Rock
chinese-singer-songwriter,Folk
sludgecore,Rock
deep-hardcore-punk,Rock
deep-orgcore,Electronic
doomgaze,Rock
samba-rock,Rock
tucson-indie,Rock
hawaiian-hip-hop,Hip-Hop
swedish-drill,Hip-Hop
swedish-trap,Electronic
math-pop,Pop
trinibad,Hip-Hop
progressive-black-metal,Rock
luxembourgian-indie,Rock
oklahoma-country,Country
idaho-indie,Pop
stuttgart-indie,Rock
estonian-pop,Pop
estonian-hip-hop,Hip-Hop
gruperas-inmortales,Unknown
nu-cumbia,Unknown
bolero-mexicano,Folk
brazilian-reggae,Folk
rap-df,Hip-Hop
st-petersburg-fl-indie,Rock
stomp-and-whittle,Folk
folk-brasileiro,Folk
louvor,Unknown
rogaland-indie,Rock
rogaland-musikk,Folk
british-power-metal,Rock
canadian-pop-punk,Pop
worcester-ma-indie,Rock
chinese-idol-pop,Pop
electro-bailando,Electronic
modern-jangle-pop,Pop
sierreño,Unknown
canadian-americana,Folk
truck-driving-country,Country
classic-j-pop,Pop
russelater,Rock
punk-rock-italiano,Rock
chinese-electronic,Electronic
chinese-hyperpop,Pop
technical-grindcore,Rock
partido-alto,Unknown
cello,Classical
slovak-metal,Rock
elephant-6,Rock
dark-hardcore,Rock
tekno,Electronic
sacramento-hip-hop,Hip-Hop
progressive-jazz-fusion,Jazz
canadian-garage-rock,Rock
duluth-indie,Rock
hamburg-indie,Rock
german-grindcore,Rock
indian-underground-rap,Hip-Hop
australian-indie-folk,Folk
fort-worth-indie,Rock
uk-pop-punk,Rock
corridos-alternativos,Unknown
heavy-alternative,Rock
instrumental-bluegrass,Country
neo-traditional-bluegrass,Country
york-indie,Rock
malay-rap,Hip-Hop
malaysian-hip-hop,Hip-Hop
american-folk-revival,Folk
protest-folk,Folk
stomp-and-flutter,Folk
punk-urbano,Rock
classical-drill,Hip-Hop
latin-ska,Unknown
south-carolina-hip-hop,Hip-Hop
ny-roots,Folk
utah-indie,Pop
san-diego-indie,Rock
epunk,Rock
blackened-crust,Rock
italian-hardcore,Rock
scottish-electronic,Electronic
canto-r&b,R&B
brit-funk,R&B
modern-funk,R&B
jazztronica,Jazz
rap-chileno,Hip-Hop
rap-feminino-chileno,Hip-Hop
ambient-pop,Electronic
float-house,Electronic
microhouse,Electronic
minimal-tech-house,Electronic
swedish-electronic,Electronic
swedish-house,Electronic
nu-skool-breaks,Electronic
french-indietronica,Electronic
french-psychedelic,Rock
german-thrash-metal,Rock
czech-indie,Rock
czech-punk,Rock
brazilian-heavy-metal,Rock
melbourne-punk,Rock
australian-singer-songwriter,Folk
italian-underground-hip-hop,Hip-Hop
rap-sardegna,Hip-Hop
texas-punk,Rock
japanese-garage-rock,Rock
russian-metal,Rock
slamming-deathcore,Rock
swedish-soul,R&B
deep-gothic-post-punk,Rock
italian-post-punk,Rock
italogaze,Rock
nigerian-drill,Hip-Hop
christian-death-metal,Rock
christian-thrash-metal,Rock
finnish-heavy-metal,Rock
popwave,Pop
russian-synthpop,Electronic
milan-indie,Rock
jazz-boom-bap,Hip-Hop
lo-fi-hip-hop,Hip-Hop
deep-disco-house,Electronic
chill-house,Electronic
lund-indie,Rock
dutch-americana,Country
dutch-singer-songwriter,Folk
north-east-england-indie,Rock
birmingham-indie,Rock
polish-electronica,Electronic
german-trance,Electronic
acid-trance,Electronic
algorave,Electronic
charanga,Unknown
salsa-cubana,Unknown
son-cubano,Unknown
timba,Unknown
finnish-black-metal,Rock
alternative-ccm,Unknown
christian-lo-fi,Unknown
reggae-en-espanol,Folk
swedish-post-punk,Rock
swedish-punk,Rock
trap-chileno,Hip-Hop
korean-dream-pop,Pop
korean-indie-rock,Rock
j-punk,Rock
louisville-indie,Rock
swedish-tropical-house,Electronic
zouglou,Unknown
bitpop,Electronic
picopop,Pop
japanese-ska,Folk
orthodox-chant,Classical
ukrainian-classical,Classical
english-renaissance,Classical
renaissance,Classical
classical-countertenor,Classical
uk-funky,Electronic
black-punk,Rock
new-comedy,Pop
metal-guitar,Rock
shred,Rock
surf-punk,Rock
alabama-metal,Rock
new-jack-smooth,R&B
venezuelan-rock,Rock
breakcore,Electronic
drill-and-bass,Electronic
instrumental-grime,Hip-Hop
manchester-hip-hop,Hip-Hop
baton-rouge-rap,Hip-Hop
dancefloor-dnb,Electronic
rkt,Electronic
turreo,Unknown
south-african-rock,Rock
texas-latin-rap,Hip-Hop
latin-tek,Electronic
dangdut,Pop
mashup,Electronic
vietnamese-hip-hop,Hip-Hop
vinahouse,Electronic
russian-modern-classical,Classical
canadian-contemporary-classical,Classical
canadian-choir,Classical
psychokore,Rock
flamenco-guitar,Unknown
rumba,Unknown
pinoy-alternative-rock,Rock
flint-hip-hop,Hip-Hop
korean-singer-songwriter,Folk
deep-pop-edm,Electronic
umbanda,Unknown
italian-emo,Rock
italian-post-hardcore,Rock
italian-screamo,Rock
pop-rock-brasileiro,Rock
funk-mtg,R&B
hyper-rock,Rock
australian-death-metal,Rock
drill-francais,Hip-Hop
trap-antillais,Hip-Hop
j-pop-boy-group,Pop
drill-italiana,Hip-Hop
plugg-francais,Hip-Hop
midwest-americana,Country
classic-sierreno,Unknown
musica-guerrerense,Unknown
rock-andaluz,Rock
glitch-hop,Electronic
halftime-dnb,Electronic
chinese-minyao,Folk
granada-indie,Rock
gregorian-dance,Electronic
ye-ye,Pop
marimba-orquesta,Unknown
musica-tropical-guatemalteca,Unknown
norwegian-country,Country
norwegian-folk-rock,Folk
reggaeton-mexa,Unknown
reggaeton-mexicano,Hip-Hop
sufi,Unknown
swedish-stoner-rock,Rock
south-african-hip-hop,Hip-Hop
xhosa-hip-hop,Hip-Hop
cuarteto,Unknown
classic-disco-polo,Pop
disco-polo,Pop
german-heavy-metal,Rock
krishnacore,Folk
ukrainian-edm,Electronic
german-electronica,Electronic
deep-groove-house,Electronic
chinese-folk,Folk
frauenrap,Hip-Hop
gothic-alternative,Rock
pop-house,Electronic
belgian-pop,Pop
dutch-death-metal,Rock
korean-ost,Pop
electro-pop-francais,Electronic
russian-drill,Hip-Hop
rally-house,Rock
german-ccm,Unknown
modern-reggae,Folk
chilean-indie,Rock
mainland-chinese-pop,Pop
musique-urbaine-kinshasa,Hip-Hop
rhumba,Unknown
aesthetic-rap,Hip-Hop
aussietronica,Electronic
chinese-indie-rock,Rock
kentucky-hip-hop,Hip-Hop
japanese-heavy-metal,Rock
british-dance-band,Jazz
melodic-hard-rock,Rock
psych-gaze,Rock
meme,Unknown
pinoy-city-pop,Pop
christlicher-rap,Hip-Hop
ramonescore,Rock
hungarian-punk,Rock
hungarian-rock,Rock
welsh-hip-hop,Hip-Hop
suomirap,Hip-Hop
gothic-post-punk,Rock
cologne-indie,Rock
german-singer-songwriter,Unknown
belgian-edm,Electronic
kleine-hoerspiel,Unknown
canadian-blues,Blues
arizona-punk,Rock
industrial-black-metal,Rock
power-blues-rock,Blues
swedish-psychedelic-rock,Rock
canadian-stoner-rock,Rock
psychedelic-doom,Rock
avant-prog,Classical
brutal-prog,Rock
argentine-hip-hop,Hip-Hop
turkish-alternative,Rock
turkish-alternative-rock,Rock
musica-eletronica-gospel,Electronic
czsk-emo-rap,Hip-Hop
czsk-viral-pop,Pop
lds-youth,Unknown
manchester-indie,Rock
brazilian-punk,Rock
rock-curitibano,Rock
psychedelic-punk,Rock
brega-romantico,Pop
polish-indie,Rock
polish-indie-rock,Rock
polish-post-punk,Rock
poznan-indie,Rock
classic-russian-pop,Pop
spiritual-hip-hop,Hip-Hop
french-indie-folk,Folk
irish-hip-hop,Hip-Hop
irish-shoegaze,Rock
polish-death-metal,Rock
classic-french-pop,Pop
hong-kong-hip-hop,Hip-Hop
scandipop,Pop
alte,Electronic
indian-rock,Rock
bachata-pop,Pop
popular-colombian-music,Pop
samba-paulista,Unknown
pop-nacional-antigas,Pop
tamborazo,Unknown
brega-saudade,Pop
edinburgh-metal,Rock
west-coast-trap,Hip-Hop
gotico-brasileiro,Rock
post-punk-brasileiro,Rock
rock-cearense,Rock
sky-room,Electronic
danish-hip-hop,Hip-Hop
dansk-rap,Hip-Hop
kurdish-hip-hop,Hip-Hop
funk-rj,R&B
copla,Unknown
bleep-techno,Electronic
british-experimental,Electronic
proto-techno,Electronic
gospel-reggae,Folk
gospel-amapiano,Electronic
australian-hip-hop,Hip-Hop
aussie-emo,Rock
australian-garage-punk,Rock
focus-beats,Electronic
russian-pop-punk,Pop
russian-punk-rock,Rock
canadian-electropop,Electronic
black-sludge,Rock
dirty-texas-rap,Hip-Hop
charlottesville-indie,Rock
neo-pagan,Unknown
hel,Rock
cologne-electronic,Electronic
canadian-latin,Unknown
norwegian-rap,Hip-Hop
greek-hip-hop,Hip-Hop
greek-underground-rap,Hip-Hop
d-beat,Rock
swedish-hardcore,Rock
zoomergaze,Rock
swedish-synth,Electronic
roda-de-samba,Unknown
samba-moderno,Unknown
brazilian-blues,Blues
cincinnati-rap,Hip-Hop
psicodelia-brasileira,Rock
uk-americana,Country
swedish-country,Country
indian-folk,Folk
kolkata-indie,Pop
beat-italiano,Rock
canzone-d'autore,Pop
pakistani-hip-hop,Hip-Hop
indian-lo-fi,Electronic
panamanian-rock,Rock
scream-rap,Hip-Hop
cumbia-pop,Pop
atlanta-indie,Rock
maga-rap,Hip-Hop
kizomba,Unknown
musica-angolana,Unknown
zouk,Unknown
piano-house,Electronic
uk-house,Electronic
futuristic-swag,Electronic
necrotrap,Hip-Hop
trance-brasileiro,Electronic
polish-alternative-rap,Hip-Hop
polish-underground-rap,Hip-Hop
aussie-drill,Hip-Hop
super-eurobeat,Electronic
deep-euro-house,Electronic
melodic-techno,Electronic
pinoy-idol-pop,Pop
chiptune,Electronic
speedrun,Electronic
fast-melodic-punk,Rock
post-disco-soul,Pop
emo-rap-italiano,Hip-Hop
australian-indigenous-music,Unknown
j-indie,Pop
folklore-argentino,Folk
bongo-flava,Hip-Hop
bongo-piano,Unknown
bongopiano,Unknown
singeli,Unknown
tanzanian-pop,Pop
cubaton,Hip-Hop
latin-dance,Electronic
reparto,Unknown
norteño-sax,Unknown
ambient-house,Electronic
boogaloo,R&B
emo-trap-italiana,Hip-Hop
hyperpop-italiano,Electronic
trap-metal-italiana,Hip-Hop
musica-popular-colombiana,Unknown
pops-orchestra,Classical
street-punk-espanol,Rock
dutch-tech-house,Electronic
paracana,Unknown
american-post-punk,Rock
freeform-hardcore,Electronic
rave,Electronic
pop-folk,Folk
welsh-metal,Rock
old-school-bassline,Electronic
canterbury-scene,Rock
vocal-trance,Electronic
spanish-folk-metal,Folk
rochester-ny-indie,Rock
futurepop,Electronic
rock-gotico,Rock
pop-peruano,Pop
salsa-peruana,Unknown
early-modern-classical,Classical
electro-dub,Electronic
french-dub,Electronic
neo-proto,Unknown
german-country,Country
slovak-pop,Pop
slovak-punk,Rock
slovak-rock,Rock
spanish-modern-rock,Rock
tontipop,Pop
guitar-case,Unknown
musica-maranhense,Unknown
streektaal,Unknown
salsa-colombiana,Unknown
korean-superband,Rock
ottawa-rap,Hip-Hop
buffalo-ny-indie,Rock
atl-drill,Hip-Hop
german-jazz-rap,Hip-Hop
bayerischer-rap,Hip-Hop
pre-war-blues,Blues
gaming-dubstep,Electronic
bossbeat,Electronic
livetronica,Electronic
fújì,Unknown
latin-funk,R&B
konsrock,Rock
chanson-humoristique,Folk
japanese-edm,Electronic
japanese-electronic,Electronic
southampton-indie,Rock
rap-inde,Hip-Hop
funk-150-bpm,R&B
deep-idm,Electronic
miami-electronic,Electronic
rap-marseille,Hip-Hop
techno-remix,Electronic
swedish-post-hardcore,Rock
umea-hardcore,Rock
vegan-straight-edge,Rock
okinawan-folk,Folk
beatdown,Hip-Hop
trallpunk,Rock
ukg-revival,Electronic
burmese-pop,Pop
myanmar-gospel,Unknown
assamese-hip-hop,Hip-Hop
northeast-indian-hip-hop,Hip-Hop
baltimore-hip-hop,Hip-Hop
medieval-black-metal,Rock
acid-techno,Electronic
hard-techno,Electronic
nu-gabber,Electronic
gulf-hip-hop,Hip-Hop
khaleeji,Pop
egyptian-hip-hop,Hip-Hop
egyptian-shaabi,Pop
mahraganat,Electronic
shaabi,Pop
rap-maroc,Hip-Hop
trap-maroc,Hip-Hop
arab-pop,Pop
khaleeji-iraqi,Folk
khaliji,Folk
german-viral-rap,Hip-Hop
experimental-black-metal,Rock
arkansas-metal,Rock
indie-rock-mexicano,Rock
russian-emo,Rock
rune-folk,Folk
bases-de-freestyle,Hip-Hop
rva-drill,Hip-Hop
post-screamo,Rock
old-school-hard-trance,Electronic
hengelliset-laulut,Unknown
art-song,Classical
guadalajara-indie,Rock
nordic-contemporary-classical,Classical
chamber-choir,Classical
ugandan-pop,Pop
chill-dream-pop,Pop
jamtronica,Electronic
afrobeat-brasileiro,R&B
pop-rap-brasileiro,Hip-Hop
folk-rock-italiano,Folk
chennai-indie,Rock
peruvian-punk,Rock
peruvian-rock,Rock
reading-indie,Rock
one-person-band,Pop
nashville-hip-hop,Hip-Hop
string-band,Folk
iowa-indie,Rock
instrumental-death-metal,Rock
banda-jalisciense,Unknown
duranguense,Unknown
tecnobanda,Unknown
bacardi,Electronic
tierra-caliente,Unknown
riddim-dubstep,Electronic
tearout,Electronic
ai,Unknown
vapor-pop,Electronic
chill-baile,Electronic
grime-brasileiro,Electronic
rap-montrealais,Hip-Hop
eurotrance,Electronic
deep-g-funk,Hip-Hop
charva,Folk
uk-desi-rap,Hip-Hop
deep-uplifting-trance,Electronic
progressive-uplifting-trance,Electronic
russelåter,Rock
hawaiian-punk,Rock
brisbane-punk,Rock
russian-experimental-electronic,Electronic
deep-pop-emo,Pop
modern-hardcore,Rock
colorado-hardcore,Rock
indie-liguria,Pop
rap-genovese,Hip-Hop
slowed-and-reverb,Electronic
manipuri-pop,Pop
deep-happy-hardcore,Electronic
urdu-hip-hop,Hip-Hop
urbano-mexicano,Hip-Hop
neo-soul-jazz,Jazz
norrlandsk-hip-hop,Hip-Hop
musica-paraibana,Unknown
indie-shoegaze,Rock
british-jazz,Jazz
indie-jazz,Jazz
lancaster-pa-indie,Pop
dakke-dak,Electronic
kentucky-roots,Country
kentucky-indie,Rock
brazilian-grindcore,Rock
oc-indie,Rock
hampton-roads-indie,Rock
dusseldorf-electronic,Electronic
german-ebm,Electronic
combos-nacionales,Unknown
kelowna-bc-indie,Rock
thrash-core,Rock
naija-old-school,Hip-Hop
comedia,Unknown
atmospheric-doom,Rock
canadian-black-metal,Rock
christian-indie-folk,Folk
future-funk,Electronic
vaporwave,Electronic
shimmer-psych,Rock
rap-congolais,Hip-Hop
rap-ivoire,Hip-Hop
argentine-metal,Rock
fogo-pentecostal,Unknown
gospel-antigas,Unknown
seemannslieder,Unknown
dalarna-indie,Rock
zim-urban-groove,Hip-Hop
eurovision,Pop
korean-city-pop,Pop
deep-power-pop-punk,Rock
trance-mexicano,Electronic
chilean-metal,Rock
moldovan-pop,Pop
romanian-indie,Rock
romanian-rock,Rock
japanese-indie-rock,Rock
focus,Unknown
nu-age,Unknown
la-hardcore,Rock
bhojpuri-pop,Pop
icelandic-folk,Folk
icelandic-indie,Pop
german-melodeath,Rock
cuban-alternative,Unknown
hip-hop-cubano,Hip-Hop
fussball,Pop
cosmic-death-metal,Rock
spanish-death-metal,Rock
russian-nu-metal,Rock
dutch-shoegaze,Rock
bury-st-edmunds-indie,Rock
east-anglia-indie,Rock
experimental-indie,Rock
japanese-dance-pop,Pop
japanese-jazz-fusion,Jazz
japanese-jazztronica,Electronic
turkish-deep-house,Electronic
turkish-edm,Electronic
bouncy-house,Electronic
hard-house,Electronic
italian-techno,Electronic
polish-pop,Pop
rap-lyonnais,Hip-Hop
japanese-girl-punk,Rock
guatemalan-pop,Pop
chicha,Unknown
twin-cities-indie,Rock
finnish-indie,Pop
finnish-punk,Rock
neo-psicodelia-brasileira,Rock
rock-goiano,Rock
denton-tx-indie,Rock
traditional-southern-folk,Folk
spirituals,Folk
aberdeen-indie,Rock
arkansas-hip-hop,Hip-Hop
rock-urbano-mexicano,Rock
ceilidh,Folk
black-speed-metal,Rock
brazilian-black-metal,Rock
louisville-underground,Rock
dc-indie,Rock
norwegian-death-metal,Rock
nwocr,Rock
kyushu-indie,Pop
canadian-indigenous-music,Unknown
manitoba-country,Country
nordnorsk-rap,Hip-Hop
norwegian-trap,Hip-Hop
polish-drill,Hip-Hop
funky-tech-house,Electronic
greek-psychedelic-rock,Rock
greek-rock,Rock
instrumental-stoner-rock,Rock
hungarian-edm,Electronic
belgian-new-wave,Rock
amharic-pop,Pop
ethiopian-jazz,Jazz
ethiopian-pop,Pop
mbalax,Unknown
viola-caipira,Unknown
anime-rap,Hip-Hop
anime-drill,Hip-Hop
spanish-rockabilly,Rock
ska-chileno,Folk
jain-bhajan,Unknown
taiwanese-indigenous-music,Unknown
flamenco-urbano,Pop
chilena,Folk
corridos-clasicos,Unknown
hip-hop-experimental,Electronic
nantes-indie,Pop
stl-indie,Rock
electronica-argentina,Electronic
pop-electronico,Electronic
sad-sierreño,Unknown
nyc-metal,Rock
san-antonio-rap,Hip-Hop
northern-irish-punk,Rock
japanese-vtuber,Pop
italian-heavy-metal,Rock
jump-up,Electronic
neurostep,Electronic
dutch-post-punk,Rock
vocaloid-rock,Electronic
alabama-indie,Rock
2-step,Electronic
modern-old-time,Folk
rock-baiano,Rock
hungarian-classical-performance,Classical
czech-classical,Classical
indonesian-folk,Folk
indonesian-folk-pop,Folk
indonesian-jazz,Jazz
indonesian-singer-songwriter,Folk
drift-phonk,Electronic
diy-pop-punk,Rock
polish-alternative,Rock
turkce-kadin-rap,Hip-Hop
memphis-americana,Country
london-on-indie,Rock
turkish-electronic,Electronic
turkish-jazz,Jazz
world-fusion,Electronic
azeri-rap,Hip-Hop
brazilian-phonk,Electronic
krushfunk,Electronic
greek-trap,Hip-Hop
pei-indie,Rock
ukrainian-psychedelic,Rock
nottingham-indie,Rock
gym-phonk,Electronic
american-21st-century-classical,Classical
j-division,Rock
deep-minimal-techno,Electronic
orquesta-tipica,Unknown
vintage-tango,Unknown
malayalam-hip-hop,Hip-Hop
malaysian-tamil-pop,Pop
malaysian-tamil-rap,Hip-Hop
tamil-indie,Pop
russian-power-metal,Rock
belgian-indie,Rock
vietnamese-bolero,Unknown
vietnamese-idol-pop,Pop
uk-contemporary-jazz,Jazz
bergen-indie,Rock
trap-cristiano,Hip-Hop
polynesian-hip-hop,Hip-Hop
musica-chihuahuense,Unknown
shoegaze-brasileiro,Rock
totalism,Classical
uppsala-indie,Pop
morna,Unknown
chicano-punk,Rock
marathi-pop,Pop
uk-reggae,Folk
vienna-indie,Rock
rock-of-gibraltar,Rock
thai-folk,Folk
shonen,Unknown
puerto-rican-indie,Pop
ambient-idm,Electronic
future-ambient,Electronic
bristol-electronic,Electronic
marathi-traditional,Unknown
rap-baixada-fluminense,Hip-Hop
no-beat,Unknown
nordic-ambient,Electronic
deep-east-coast-hip-hop,Hip-Hop
rap-geek,Hip-Hop
singaporean-hip-hop,Hip-Hop
serbian-metal,Rock
technical-thrash,Rock
argentine-alternative-rock,Rock
rennes-indie,Rock
chihuahua-indie,Rock
jovem-guarda,Pop
rockabilly-en-espanol,Rock
balearic,Electronic
rock-nacional,Rock
salsa-international,Unknown
musica-infantil,Unknown
odia-pop,Pop
sambalpuri-pop,Pop
cypriot-pop,Pop
pittsburgh-rock,Rock
freakbeat,Rock
sambass,Electronic
brazilian-modern-jazz,Jazz
brazilian-boogie,Blues
brazilian-soul,R&B
german-blues,Blues
jewish-pop,Pop
indonesian-edm,Electronic
asheville-indie,Rock
boston-metal,Rock
dutch-trance,Electronic
slam-death-metal,Rock
austrian-jazz,Jazz
american-post-rock,Rock
death-industrial,Electronic
new-england-metal,Rock
irish-black-metal,Rock
wyoming-indie,Rock
south-african-alternative,Rock
danish-electro,Electronic
power-noise,Electronic
21st-century-classical,Classical
contemporary-choir,Classical
barnemusikk,Unknown
musical-advocacy,Pop
dubstep-product,Electronic
texas-hardcore,Rock
galego,Folk
spanish-folk,Folk
musica-tradicional-cubana,Unknown
blackened-screamo,Rock
texas-death-metal,Rock
voidgrind,Rock
australian-country,Country
bush-ballad,Country
classic-hungarian-rock,Rock
magyar-alternative,Rock
pop-teen-brasileiro,Pop
belgian-death-metal,Rock
connecticut-hardcore,Rock
korean-indie-folk,Folk
unblack-metal,Rock
wisconsin-metal,Rock
funk-viral,R&B
deboxe,Electronic
funk-mandelao,R&B
musica-potiguar,Unknown
musica-alagoana,Unknown
sanfona,Folk
south-carolina-metal,Rock
haitian-gospel,Unknown
brazilian-punk-rock,Rock
new-orleans-funk,Blues
new-orleans-soul,R&B
jazz-organ,Jazz
australian-jazz,Jazz
metal-baiano,Rock
power-thrash,Rock
carimbo,Unknown
musica-popular-paraense,Unknown
lds,Unknown
lds-instrumental,Unknown
classic-psychedelic-rock,Rock
double-drumming,Jazz
salsa-puertorriquena,Unknown
irish-dance,Folk
classic-soundtrack,Classical
brazilian-indie,Rock
coco,Unknown
funk-evangelico,R&B
persian-alternative,Rock
persian-rock,Rock
british-choir,Classical
cambridge-choir,Classical
anglican-liturgy,Classical
british-contemporary-classical,Classical
appalachian-black-metal,Rock
ritual-ambient,Electronic
german-prog,Rock
buffalo-ny-metal,Rock
french-death-metal,Rock
progressive-death-metal,Rock
atlanta-metal,Rock
chamamé,Unknown
musica-gaucha-tradicionalista,Folk
virgin-islands-reggae,Folk
reggae-tuga,Folk
south-african-metal,Rock
deep-contemporary-country,Country
bleakgaze,Rock
trap-angolano,Hip-Hop
rap-angolano,Hip-Hop
kuduro,Electronic
west-virginia-metal,Rock
poetry,Unknown
stockholm-indie,Rock
deep-brazilian-pop,Pop
musica-gaucha,Folk
rock-brasiliense,Rock
canadian-death-metal,Rock
vancouver-metal,Rock
blackened-deathcore,Rock
progressive-power-metal,Rock
oriental-metal,Rock
minimal-wave,Electronic
funk-melody,Pop
deep-smooth-jazz,Jazz
brutal-deathcore,Rock
drumfunk,Electronic
reggae-cover,Folk
french-post-punk,Rock
singaporean-metal,Rock
musiqi-ye-zanan,Pop
deep-metalcore,Rock
canto-popular-uruguayo,Unknown
latin-folklore,Folk
murga,Unknown
cymraeg,Folk
steelpan,Unknown
swiss-rock,Rock
chill-guitar,Electronic
italian-doom-metal,Rock
dungeon-synth,Electronic
epic-black-metal,Rock
rap-paranaense,Hip-Hop
musica-santomense,Unknown
guitarra-mexicana,Unknown
cumbia-del-sureste,Unknown
son-jarocho,Folk
tropical-tecladista,Unknown
indie-platense,Rock
salsa-urbana,Unknown
cdmx-indie,Rock
garage-rock-mexicano,Rock
shoegaze-mexicano,Rock
tamaulipas-rap,Hip-Hop
spanish-invasion,Rock
melbourne-indie,Pop
reading,Rock
uk-post-metal,Rock
steel-guitar,Country
russian-post-rock,Rock
gothic-doom,Rock
irish-electronic,Electronic
classic-peruvian-pop,Pop
folclor-andino,Folk
huayno,Unknown
musica-andina,Unknown
musica-ayacuchana,Unknown
veracruz-indie,Rock
funk-mexicano,R&B
brazilian-progressive-metal,Rock
argentine-hardcore,Rock
grupero-romantico,Unknown
nova-musica-maranhense,Folk
rap-gaucho,Hip-Hop
reggae-gaucho,Unknown
choro,Unknown
japanese-melodic-hardcore,Rock
german-post-punk,Rock
german-shoegaze,Rock
gypsy-jazz,Folk
arunachal-indie,Rock
northeast-indian-indie,Pop
deep-disco,Electronic
arrochadeira,Unknown
metal-cearense,Rock
deep-funk-ostentacao,R&B
brazilian-classical,Classical
piano-mpb,Unknown
broken-beat,Electronic
northern-irish-indie,Rock
norwegian-singer-songwriter,Folk
coventry-indie,Rock
christian-deathcore,Rock
classic-progressive-house,Electronic
epic-doom,Rock
malmo-indie,Rock
spanish-noise-pop,Pop
brazilian-percussion,Classical
classic-persian-pop,Pop
persian-traditional,Unknown
tar,Folk
hard-stoner-rock,Rock
deep-vocal-jazz,Jazz
barrelhouse-piano,Blues
swamp-blues,Blues
turkish-modern-jazz,Jazz
french-movie-tunes,Classical
indie-dream-pop,Pop
raw-black-metal,Rock
chasidic-pop,Pop
ragga-jungle,Electronic
melodipop,Pop
neo-trad-prog,Rock
flamenco-fusion,Pop
anime-latino,Unknown
latin-viral-rap,Hip-Hop
rap-anime,Hip-Hop
forro-instrumental,Unknown
australian-choir,Classical
university-choir,Classical
bandinhas,Unknown
funk-das-antigas,R&B
belo-horizonte-indie,Rock
nova-musica-paulista,Folk
irish-banjo,Country
sean-nos-singing,Unknown
metal-salvadoreno,Rock
bath-indie,Rock
ambient-black-metal,Electronic
australian-black-metal,Rock
indy-indie,Rock
manso-indie,Rock
memphis-indie,Pop
tagalog-worship,Unknown
american-modern-classical,Classical
indie-game-soundtrack,Electronic
colombian-black-metal,Rock
metal-colombiano,Rock
instrumental-black-metal,Rock
bullerengue,Unknown
folclor-afrocolombiano,Folk
pacific-islands-pop,Pop
hot-jazz,Jazz
canadian-psychedelic,Rock
jazz-cubano,Jazz
lambadao,Unknown
traditional-british-folk,Folk
traditional-english-folk,Folk
italian-power-metal,Rock
french-worship,Unknown
italian-soundtrack,Unknown
vintage-italian-soundtrack,Classical
rare-groove,Jazz
ska-jazz,Jazz
rock-drums,Rock
chanson-paillarde,Folk
vintage-schlager,Pop
jazz-flute,Jazz
qawwali,Unknown
pittsburgh-indie,Rock
symphonic-melodic-death-metal,Rock
belgian-electronic,Electronic
belgian-indie-rock,Rock
ghent-indie,Rock
slovenian-metal,Rock
christmas-instrumental,Classical
gnawa,Unknown
pastoral,Classical
jazzcore,Jazz
latinx-alternative,Rock
tropical-alternativo,Pop
avant-rock,Rock
rock-in-opposition,Rock
british-modern-classical,Classical
neoclassicism,Classical
cathedral-choir,Classical
musica-portuguesa-contemporanea,Unknown
bosnian-pop,Pop
narodna-muzika,Unknown
sevdah,Pop
spectra,Electronic
prog-quebec,Rock
jumpstyle,Electronic
mande-pop,Pop
desert-blues,Blues
griot,Folk
kora,Folk
malian-blues,Blues
venezuelan-indie,Rock
dominican-pop,Pop
afro-cuban-percussion,Unknown
scottish-hush,Unknown
heavy-gothic-rock,Rock
psychedelic-blues-rock,Blues
lafayette-indie,Pop
persian-neo-traditional,Unknown
saskatchewan-indie,Rock
newfoundland-indie,Rock
dutch-blues,Blues
deep-vocal-house,Electronic
lo-fi-study,Electronic
australian-americana,Country
southern-soul-blues,Blues
irish-pub-song,Folk
berlin-minimal-techno,Electronic
deep-funk-house,Electronic
uk-dub,Folk
classic-venezuelan-pop,Pop
folklore-venezolano,Folk
joropo,Folk
musica-llanera,Folk
dancehall-colombiano,Folk
ecuadorian-indie,Rock
folklore-surero,Folk
reggae-do-maranhao,Folk
forest-black-metal,Rock
keller-synth,Electronic
rochester-mn-indie,Rock
christchurch-indie,Rock
world-chill,Electronic
progressive-alternative,Rock
chinese-classical,Classical
chinese-soundtrack,Classical
chamber-ensemble,Classical
classical-cello,Classical
deep-soft-rock,Rock
modern-psychedelic-folk,Folk
australian-underground-hip-hop,Hip-Hop
nordnorsk-musikk,Unknown
norske-viser,Unknown
myanmar-indie,Pop
german-soundtrack,Classical
tavern,Unknown
deep-melodic-metalcore,Rock
irish-accordion,Folk
salsa-venezolana,Unknown
jig-and-reel,Folk
mpb-gospel,Unknown
bandoneon,Unknown
rock-piauiense,Rock
indie-extremena,Pop
modern-string-quartet,Classical
string-quartet,Classical
brazilian-indie-rock,Rock
musica-para-criancas,Unknown
grim-death-metal,Rock
japanese-black-metal,Rock
cape-breton-folk,Folk
scottish-gaelic-folk,Folk
salsa-cristiana,Unknown
magyar-musicalek,Unknown
monterrey-indie,Pop
cumbia-ecuatoriana,Unknown
folklore-ecuatoriano,Folk
jazz-puertorriqueno,Jazz
punk-mexicano,Rock
pop-chileno,Pop
tololoche,Folk
rap-boricua,Hip-Hop
musica-costena,Unknown
bolero-cubano,Unknown
christelijk,Unknown
austrian-choir,Classical
american-orchestra,Classical
leipzig-electronic,Electronic
italian-death-metal,Rock
deep-indie-rock,Rock
cardiff-indie,Rock
jewish-hip-hop,Hip-Hop
punk-tuga,Rock
isle-of-wight-indie,Rock
deep-new-wave,Electronic
deep-folk-metal,Folk
israeli-metal,Rock
dutch-dnb,Electronic
groove-room,Jazz
mexican-black-metal,Rock
punk-cover,Rock
santa-fe-indie,Rock
dub-brasileiro,Unknown
kuduro-antigo,Electronic
semba,Unknown
deep-delta-blues,Blues
vintage-country-folk,Country
vintage-gospel,Unknown
australian-blues,Blues
musica-bajacaliforniana,Unknown
jazz-venezolano,Jazz
música-tropical,Unknown
marimba-de-guatemala,Unknown
rock-abc-paulista,Rock
canadian-house,Electronic
rap-underground-argentino,Hip-Hop
irish-rebel-song,Folk
italian-metalcore,Rock
french-soundtrack,Classical
spanish-electronic,Electronic
modern-darkwave,Electronic
souldies,R&B
traditional-soul,R&B
naija-worship,Unknown
japanese-chillhop,Electronic
dub-techno,Electronic
industrial-hardcore,Rock
italian-disco,Pop
instrumental-math-rock,Rock
new-tribe,Unknown
microtonal,Classical
dublin-indie,Rock
lo-fi-vgm,Electronic
bansuri,Unknown
south-african-jazz,Jazz
lovecraftian-metal,Rock
coral-gospel,Unknown
violao-classico,Classical
israeli-indie,Rock
israeli-singer-songwriter,Folk
french-folk,Folk
mexican-metal,Rock
nz-indie,Rock
brazilian-ccm,Unknown
galician-indie,Pop
musica-juiz-forana,Unknown
folclore-salteno,Folk
zamba,Unknown
batak,Unknown
pinoy-pop-punk,Rock
african-percussion,Unknown
metal-noir-quebecois,Rock
indian-fusion,Electronic
indian-classical,Classical
sitar,Classical
lldm,Unknown
milwaukee-indie,Rock
new-wave-of-screamo,Rock
carnaval-cadiz,Unknown
abstract-beats,Electronic
comedienne,Pop
south-african-choral,Unknown
south-african-gospel,Unknown
deep-punk-rock,Rock
japanese-classical,Classical
power-electronics,Electronic
gaita-zuliana,Folk
modern-cello,Classical
rave-funk,Electronic
jacksonville-indie,Pop
cambridgeshire-indie,Rock
minnesota-metal,Rock
russian-death-metal,Rock
draga,Unknown
musica-campechana,Unknown
rock-catracho,Rock
guitarra-argentina,Unknown
musica-yucateca,Unknown
folklore-boliviano,Folk
tinku,Folk
comedie-musicale,Pop
san-marcos-tx-indie,Rock
adoracion,Unknown
mexican-death-metal,Rock
funk-bh,R&B
funk-de-bh,R&B
progressive-technical-death-metal,Rock
hull-indie,Rock
convent,Unknown
rosary,Unknown
nl-folk,Folk
cante-flamenco,Unknown
musica-canaria,Unknown
samoan-pop,Pop
tipico,Folk
bossa-nova-jazz,Jazz
baltic-black-metal,Rock
estonian-metal,Rock
dark-electro,Electronic
finnish-progressive-metal,Rock
kentucky-mountain-folk,Folk
mountain-dulcimer,Folk
string-folk,Folk
deep-symphonic-black-metal,Rock
deep-indie-singer-songwriter,Folk
rap-canario,Hip-Hop
rap-metal-espanol,Hip-Hop
contemporary-gospel,Unknown
american-contemporary-classical,Classical
fourth-world,Unknown
dunedin-sound,Rock
strut,Rock
industrial-noise,Electronic
new-isolationism,Unknown
noise,Rock
maltese-hip-hop,Hip-Hop
symfonicky-orchestr,Classical
armenian-hip-hop,Hip-Hop
arab-alternative,Rock
chilean-black-metal,Rock
acousmatic,Electronic
electroacoustic-composition,Classical
musique-concrete,Electronic
swedish-rock-and-roll,Rock
free-improvisation,Jazz
mandible,Electronic
sound-art,Electronic
psychedelic-folk-rock,Folk
mincecore,Rock
nordic-soundtrack,Classical
icelandic-classical,Classical
middle-eastern-black-metal,Rock
deep-chill,Electronic
deep-sunset-lounge,Electronic
brazilian-doom-metal,Rock
japanese-disney,Pop
circus,Unknown
detroit-techno,Electronic
svensk-indie,Rock
deep-progressive-trance,Electronic
indie-fuzzpop,Pop
musica-paranaense,Unknown
early-reggae,Folk
metal-gaucho,Rock
polish-psychedelia,Rock
commons,Unknown
indonesian-r&b,R&B
pop-violin,Classical
neo-trad-metal,Rock
merengue-tipico,Unknown
sevillanas,Unknown
latin-american-heavy-psych,Rock
neotango,Unknown
synth-prog,Electronic
spanish-prog,Rock
essex-indie,Rock
cumbia-peruana,Unknown
folklore-peruano,Folk
huayno-peruano,Unknown
tunantada,Unknown
nueva-ola-chilena,Unknown
metal-galego,Rock
pop-virale-italiano,Pop
rap-napoletano,Hip-Hop
novo-rock-gaucho,Rock
colombian-indie,Rock
indie-salvadoreno,Rock
drama,Unknown
israeli-mediterranean,Folk
phonk-brasileiro,Hip-Hop
funk-capixaba,R&B
samba-gospel,Unknown
stenchcore,Rock
galician-folk,Folk
medieval-ensemble,Classical
louvores-pentecostais,Unknown
vintage-classical-singing,Classical
new-wave-of-osdm,Rock
new-wave-of-speed-metal,Rock
italian-punk,Rock
indie-emo-rock,Rock
modern-jazz-piano,Jazz
bulgarian-metal,Rock
arab-folk,Folk
egyptian-traditional,Unknown
nubian-traditional,Unknown
oud,Unknown
library-music,Unknown
italian-pop-rock,Pop
environmental,Unknown
sleep,Rock
writing,Unknown
bangalore-indie,Rock
polish-thrash-metal,Rock
new-england-black-metal,Rock
noise-punk,Rock
spanish-synthpop,Electronic
dark-jazz,Jazz
italian-alternative,Rock
bard,Unknown
german-renaissance,Classical
chanson-virale,Folk
trova-mexicana,Folk
cantautora-argentina,Unknown
nuevo-folklore-argentino,Folk
musica-para-ninos,Unknown
rock-en-asturiano,Rock
cancion-infantil-mexicana,Unknown
makossa,Unknown
cancion-infantil-latinoamericana,Unknown
men-chika,Pop
japanese-piano,Classical
musica-quintanarroense,Unknown
korean-talent-show,Pop
musica-valenciana,Unknown
psybreaks,Electronic
musica-triste-brasileira,Unknown
serbian-folk,Folk
orlando-indie,Rock
tallava,Pop
rock-pernambucano,Rock
lebanese-pop,Pop
arab-groove,R&B
syrian-pop,Pop
cristiana-para-ninos,Unknown
baroque-singing,Classical
kent-indie,Rock
medway-sound,Rock
italian-soprano,Classical
turkish-trap-pop,Hip-Hop
lithuanian-electronic,Electronic
russian-folk-rock,Folk
throat-singing,Folk
tuvan-folk,Folk
ghazal,Folk
classic-bollywood,Pop
birmingham-hip-hop,Hip-Hop
kawaii-metal,Rock
swedish-ebm,Electronic
russian-techno,Electronic
speed-garage,Electronic
ohio-hardcore,Rock
swiss-hip-hop,Hip-Hop
kompa,Unknown
rap-antillais,Hip-Hop
canberra-indie,Rock
meditation,Unknown
texasgaze,Rock
balkan-beats,Electronic
spacewave,Electronic
desi-emo-rap,Hip-Hop
detroit-trap-en-espanol,Hip-Hop
brisbane-indie,Rock
leicester-indie,Rock
rap-tunisien,Hip-Hop
drill-chileno,Hip-Hop
moroccan-chaabi,Folk
rai,Pop
rif,Unknown
seattle-metal,Rock
chill-phonk,Electronic
japanese-rockabilly,Rock
fotbollslatar,Pop
rap-francais-nouvelle-vague,Hip-Hop
rap-algerien,Hip-Hop
kansas-hip-hop,Hip-Hop
japanese-old-school-hip-hop,Hip-Hop
modern-free-jazz,Jazz
multidisciplinary,Unknown
finnish-electronic,Electronic
grimewave,Electronic
atlanta-bass,Electronic
australian-house,Electronic
tatar-pop,Pop
congolese-gospel,Unknown
aggressive-phonk,Hip-Hop
kawaii-edm,Electronic
kompa-gouyad,Unknown
gospel-drill,Unknown
sinhala-indie,Pop
sinhala-pop,Pop
sinhala-edm,Electronic
post-punk-mexicano,Unknown
classic-pakistani-pop,Pop
malayalam-pop,Pop
mollywood,Pop
modern-bhajan,Unknown
indian-instrumental,Classical
hare-krishna,Unknown
anime-cv,Pop
tunisian-pop,Pop
classic-kollywood,Pop
new-delhi-indie,Pop
lata,Folk
pakistani-folk,Folk
pakistani-indie,Rock
pakistani-rock,Rock
afghan-pop,Pop
pakistani-pop,Pop
classic-nepali-pop,Pop
nepali-pop,Pop
classic-bangla-pop,Pop
santali-pop,Pop
belly-dance,Unknown
dabke,Unknown
tamil-worship,Unknown
marathi-devotional,Unknown
hindustani-vocal,Classical
khayal,Classical
finnish-folk,Folk
karelian-folk,Folk
nordic-folk,Folk
classic-finnish-pop,Pop
classic-finnish-rock,Rock
rautalanka,Rock
trap-beats,Electronic
hindustani-instrumental,Classical
kermis,Unknown
rajasthani-pop,Pop
classic-punjabi-pop,Pop
messianic-praise,Unknown
garhwali-pop,Pop
nepali-indie,Pop
persian-underground-hip-hop,Hip-Hop
musica-andorra,Unknown
kannada-hip-hop,Hip-Hop
manila-sound,Pop
assamese-pop,Pop
libyan-pop,Pop
arabic-instrumental,Unknown
arabic-jazz,Jazz
classic-arab-pop,Pop
kashmiri-pop,Pop
javanese-dangdut,Unknown
koplo,Unknown
lagu-jawa,Unknown
semarang-indie,Rock
indonesian-hardcore,Rock
cumbia-chilena,Unknown
3-step,Electronic
gqom,Electronic
private-school-piano,Unknown
dangdut-koplo,Unknown
maskandi,Unknown
south-african-trap,Hip-Hop
lo-star,Electronic
jesus-movement,Unknown
indie-siciliano,Pop
ethio-jazz,Jazz
dong-yo,Unknown
wave,Electronic
polyphony,Unknown
ghanaian-alternative,Rock
vocal-ensemble,Classical
liechtenstein,Rock
el-paso-indie,Rock
portuguese-indie-rock,Rock
finnish-soul,R&B
metal-tico,Rock
victorian-britain,Unknown
staff-band,Unknown
christmas-product,Pop
piano-worship,Unknown
bikutsi,Unknown
coupe-decale,Electronic
maimouna,Unknown
british-soundtrack,Classical
swedish-prog,Rock
ambient-trance,Electronic
barcadi,Unknown
finnish-electro,Electronic
cavernous-death-metal,Rock
belarusian-metal,Rock
war-metal,Rock
italian-lounge,Jazz
kawaii-future-bass,Electronic
fremantle-indie,Rock
perth-indie,Rock
lo-fi-jazzhop,Electronic
uk-tech-house,Electronic
scottish-shoegaze,Rock
traditional-scottish-folk,Folk
k-pop-ballad,Pop
lowlands-hardcore,Rock
jazz-worship,Jazz
norwegian-punk-rock,Rock
5th-gen-k-pop,Pop
light-music,Unknown
deep-latin-alternative,Unknown
new-mexico-music,Unknown
guatemalan-metal,Rock
nuevo-flamenco,Folk
peruvian-indie,Rock
guitarra-portuguesa,Unknown
euskal-musica,Unknown
thrash-groove-metal,Rock
drone-rock,Rock
psychedelic-space-rock,Rock
contemporary-jazz,Jazz
ecm-style-jazz,Jazz
jazz-drums,Jazz
montana-metal,Rock
early-music-choir,Classical
abstract,Electronic
danish-indie,Rock
classic-colombian-pop,Pop
danish-post-punk,Rock
spanish-electropop,Electronic
musica-andina-chilena,Unknown
electronica-chilena,Electronic
mallet,Unknown
mexican-classic-rock,Rock
saxony-metal,Rock
charred-death,Rock
utah-metal,Rock
early-synthpop,Electronic
swing-italiano,Jazz
progressive-thrash,Rock
motivation,Unknown
danish-black-metal,Rock
hardcore-punk-espanol,Rock
punk-catala,Rock
peruvian-hip-hop,Hip-Hop
rap-chretien,Hip-Hop
portuguese-death-metal,Rock
azeri-traditional,Unknown
karadeniz-folk,Folk
turkish-folk,Folk
rap-salvadoreno,Hip-Hop
rap-underground-colombiano,Hip-Hop
german-choir,Classical
jugendchor,Unknown
russian-folk,Folk
hinos-ccb,Unknown
musica-crista-reformada,Unknown
musica-evangelica-instrumental,Unknown
tuareg-guitar,Folk
piratenmuziek,Folk
flemish-folk,Folk
cuban-rumba,Unknown
goa-psytrance,Electronic
belfast-metal,Rock
irish-death-metal,Rock
musica-instrumental-cristiana,Unknown
varmland-rock,Rock
synthesizer,Electronic
rock-paraibano,Rock
jazz-orchestra,Jazz
australian-indie-rock,Rock
string-orchestra,Classical
classical-oboe,Classical
modern-performance,Unknown
classical-baritone,Classical
komedi,Pop
english-baroque,Classical
brass-band-pop,Classical
glitchbreak,Electronic
punk-ska,Rock
syrian-hip-hop,Hip-Hop
deep-classic-garage-rock,Rock
dusseldorf-indie,Rock
brazilian-groove-metal,Rock
metal-mineiro,Rock
ecuadorian-pop,Pop
newcastle-nsw-indie,Rock
indie-triste,Pop
mariachi-cristiano,Unknown
banda-sinaloense,Unknown
cumbia-villera,Unknown
tijuana-indie,Pop
rap-capixaba,Hip-Hop
igbo-pop,Pop
bandung-indie,Rock
indonesian-emo,Rock
indonesian-post-hardcore,Rock
persian-hip-hop,Hip-Hop
italian-baroque,Classical
entehno,Folk
laïko,Pop
boy-pop,Pop
turkish-singer-songwriter,Folk
ghanaian-gospel,Unknown
future-bounce,Electronic
korean-electronic,Electronic
experimental-bass,Electronic
atmospheric-dnb,Electronic
deep-liquid-bass,Electronic
russian-trance,Electronic
nz-singer-songwriter,Folk
jawaiian,Pop
australian-surf-rock,Rock
maltese-metal,Rock
abstract-idm,Electronic
vintage-italian-pop,Pop
slc-indie,Rock
austrian-classical-piano,Classical
historical-keyboard,Classical
spanish-indie-rock,Rock
virginia-indie,Rock
australian-ska,Folk
juju,Unknown
full-on,Electronic
nitzhonot,Electronic
czech-alternative-rap,Hip-Hop
brazilian-power-metal,Rock
metal-cristao,Rock
blues-latinoamericano,Blues
chamame-brasilero,Folk
musica-potosina,Unknown
cumbia-santafesina,Unknown
rap-romantico,Hip-Hop
turkce-slow-sarkilar,Pop
musique-nigerienne,Unknown
romanian-black-metal,Rock
sefardi,Unknown
greek-pop,Pop
bachata-dominicana,Unknown
pinoy-metal,Rock
porro,Unknown
nuevo-tango,Folk
balkan-brass,Unknown
gypsy-fusion,Folk
funky-breaks,Electronic
mantra,Unknown
sound,Unknown
norwegian-hardcore,Rock
classical-accordion,Classical
guitarra-andina,Unknown
beninese-pop,Pop
cryptic-black-metal,Rock
experimental-techno,Electronic
judaica,Unknown
kenyan-pop,Pop
old-school-highlife,Unknown
rwandan-gospel,Unknown
italian-renaissance,Classical
candomble,Unknown
lustrum,Unknown
seiyu,Unknown
turkish-punk,Rock
dessin-anime,Classical
chaotic-black-metal,Rock
italian-progressive-metal,Rock
canadian-shoegaze,Rock
electronic-djent,Electronic
vaportrap,Electronic
turkish-death-metal,Rock
hokkaido-indie,Rock
calgary-indie,Rock
canadian-post-punk,Rock
jazz-mexicano,Jazz
ethereal-gothic,Rock
tassie-indie,Pop
zilizopendwa,Unknown
musique-guadeloupe,Unknown
dark-folk,Folk
viking-folk,Folk
icelandic-hip-hop,Hip-Hop
musica-catarinense,Unknown
deep-progressive-house,Electronic
progressive-trance-house,Electronic
solipsynthm,Electronic
otroske-pesmice,Folk
xhosa,Unknown
gengetone,Hip-Hop
instrumental-soul,R&B
metal-cover,Rock
african-rock,Rock
cape-verdean-folk,Unknown
musica-cabo-verdiana,Unknown
twoubadou,Folk
african-reggae,Folk
kenyan-alternative,Rock
zim-gospel,Unknown
zambian-gospel,Unknown
zambian-hip-hop,Hip-Hop
zambian-pop,Pop
classic-hungarian-pop,Pop
hungarian-pop,Pop
belgian-jazz,Jazz
bosnian-indie,Rock
musica-costarricense,Unknown
reggae-tico,Unknown
nova-musica-carioca,Folk
icelandic-metal,Rock
organic-ambient,Electronic
dennery-segment,Pop
zouk-riddim,Folk
deep-techno,Electronic
chinderlieder,Unknown
arab-electronic,Electronic
ethnotronica,Electronic
australian-trap,Hip-Hop
portuguese-indie,Rock
finlandssvenska-musik,Unknown
dark-techno,Electronic
purple-sound,Electronic
batida,Electronic
funana,Unknown
rap-ecuatoriano,Hip-Hop
norwegian-americana,Country
jazz-brass,Jazz
modern-swing,Jazz
jazz-vibraphone,Jazz
deep-comedy,Pop
korean-worship,Unknown
korean-shoegaze,Rock
cornwall-indie,Rock
